,Design Option,Category,Family,Type,Family and Type,Type Id,Type Name,Family Name,Base Level,Area,Excluded,Height,Length,Shape is modified,Thickness,Volume,Construction,Material,Material By Original,Original Category,Original Family,Original Type,Show Shape Handles,Phase Created,Phase Created By Original,Phase Demolished,Phase Demolished By Original,Rebar Cover - Bottom Face,Rebar Cover - Other Faces,Rebar Cover - Top Face,Elevation,Story Above,Computation Height,Is ground plane,Scope Box,Building Story,Name,Structural,Elevation Base,Color,Line Pattern,Line Weight,Symbol,Symbol at End 1 Default,Symbol at End 2 Default,Level,1,2,3,4,5,6,7,8,Host Id,D of Top,H,base,top,Elevation from Level,Offset from Host,Schedule Level,H of Blinds (max H),W,Count,Base,Cable,Top,Top Vis,Default Elevation,Data1,H of Top,H of board,Radius of Cable,Rotation,W of board,Count of Cables,Work Plane,D,H1,L of L,Thickness of L,space,Hole,Moves With Nearby Elements,Host,Edge,h2,r,r2,r3,ver,d2,w3,glass,h1,From Edge Downpipe Left,From Edge Downpipe Right,L,r1,r2-data,Dia,H Bottom,Offset hor,Offset ver,left,right,Height Offset From Level,Related to Mass,Room Bounding,Core Thickness,Elevation at Bottom,Elevation at Bottom Core,Elevation at Bottom Survey,Elevation at Top,Elevation at Top Core,Elevation at Top Survey,Perimeter,Enable Analytical Model,Span Direction,Absorptance,Heat Transfer Coefficient (U),Roughness,Thermal Mass,Thermal Resistance (R),Default Thickness,Function,Coarse Scale Fill Color,Coarse Scale Fill Pattern,Display in Hidden Views,Structural Material,Sill Height,Angle data,2D Swing Angle,3D Angle (0°=closed),Mark,Head Height,Analytic Construction,Wall Closure,Hdata,Wdata,data,w2,Door distance from edge,Width,OmniClass Number,OmniClass Title,Type Mark,Frame Projection,Frame Width 1,Frame Width 2,gap,Handle,wdata,Parapet Corner L,Width Right,frame,frame 90°,parapet,Parapet Corner,Parapet Straight,Exterior Offset,Parapet Height,Parapet Offset,Thickness of frame,Width of frame,Default Sill Height,1 Frame,1 Frame Corner Left,1 Frame Corner Left Double Glass,1 Frame Double Glass,1 Frame Glass,2 Frame,2 Frame Glass Left,2 Frame Glass Right,2 Frame Left,2 Frame Right,Base Constraint,Base Extension Distance,Base Offset,Base is Attached,Location Line,Top Constraint,Top Extension Distance,Top Offset,Top is Attached,Unconnected Height,Rebar Cover - Exterior Face,Rebar Cover - Interior Face,Structural Usage,Wrapping at Ends,Wrapping at Inserts
358197,None,None,,,,,,,,,,,,,,,,,,,,,,,,,,,,,,,,,,,,,,,,,,,,,,,,,,,,,,,,,,,,,,,,,,,,,,,,,,,,,,,,,,,,,,,,,,,,,,,,,,,,,,,,,,,,,,,,,,,,,,,,,,,,,,,,,,,,,,,,,,,,,,,,,,,,,,,,,,,,,,,,,,,,,,,,,,,,,,,,,,,,,,,,,,,,,,
683297,None,OST_RvtLinks,kitchen.rvt,kitchen.rvt,kitchen.rvt,kitchen.rvt,kitchen.rvt,Linked Revit Model,,,,,,,,,,,,,,,,,,,,,,,,,,,,,,,,,,,,,,,,,,,,,,,,,,,,,,,,,,,,,,,,,,,,,,,,,,,,,,,,,,,,,,,,,,,,,,,,,,,,,,,,,,,,,,,,,,,,,,,,,,,,,,,,,,,,,,,,,,,,,,,,,,,,,,,,,,,,,,,,,,,,,,,,,,,,,,,,,,,,,,,,
673003,None,OST_Divisions,,,,,,,,,,,,,,,,,,,,,,,,,,,,,,,,,,,,,,,,,,,,,,,,,,,,,,,,,,,,,,,,,,,,,,,,,,,,,,,,,,,,,,,,,,,,,,,,,,,,,,,,,,,,,,,,,,,,,,,,,,,,,,,,,,,,,,,,,,,,,,,,,,,,,,,,,,,,,,,,,,,,,,,,,,,,,,,,,,,,,,,,,,,,,,
682491,None,OST_Divisions,,,,,,,,,,,,,,,,,,,,,,,,,,,,,,,,,,,,,,,,,,,,,,,,,,,,,,,,,,,,,,,,,,,,,,,,,,,,,,,,,,,,,,,,,,,,,,,,,,,,,,,,,,,,,,,,,,,,,,,,,,,,,,,,,,,,,,,,,,,,,,,,,,,,,,,,,,,,,,,,,,,,,,,,,,,,,,,,,,,,,,,,,,,,,,
673004,None,OST_Parts,,,,,,,Level 1,101 m²,No,20,11711,No,20,2.02 m³,Core,507078,No,-2000032,Floor,250 - PODLAHA,No,Phase 1,Yes,None,Yes,Rebar Cover 1,Rebar Cover 1,Rebar Cover 1,,,,,,,,,,,,,,,,,,,,,,,,,,,,,,,,,,,,,,,,,,,,,,,,,,,,,,,,,,,,,,,,,,,,,,,,,,,,,,,,,,,,,,,,,,,,,,,,,,,,,,,,,,,,,,,,,,,,,,,,,,,,,,,,,,,,,,,,,,,,,,,,,,,,,,,,,,,,,,,,,,
673005,None,OST_Parts,,,,,,,Level 1,101 m²,No,230,11711,No,230,23.21 m³,Core,352971,Yes,-2000032,Floor,250 - PODLAHA,No,Phase 1,Yes,None,Yes,Rebar Cover 1,Rebar Cover 1,Rebar Cover 1,,,,,,,,,,,,,,,,,,,,,,,,,,,,,,,,,,,,,,,,,,,,,,,,,,,,,,,,,,,,,,,,,,,,,,,,,,,,,,,,,,,,,,,,,,,,,,,,,,,,,,,,,,,,,,,,,,,,,,,,,,,,,,,,,,,,,,,,,,,,,,,,,,,,,,,,,,,,,,,,,,
682492,None,OST_Parts,,,,,,,Level 1,78 m²,No,20,6435,No,20,1.56 m³,Core,581783,Yes,-2000032,Floor,250 - PODLAHA,No,Phase 1,Yes,None,Yes,Rebar Cover 1,Rebar Cover 1,Rebar Cover 1,,,,,,,,,,,,,,,,,,,,,,,,,,,,,,,,,,,,,,,,,,,,,,,,,,,,,,,,,,,,,,,,,,,,,,,,,,,,,,,,,,,,,,,,,,,,,,,,,,,,,,,,,,,,,,,,,,,,,,,,,,,,,,,,,,,,,,,,,,,,,,,,,,,,,,,,,,,,,,,,,,
682493,None,OST_Parts,,,,,,,Level 1,78 m²,No,230,6435,No,230,17.96 m³,Core,352971,Yes,-2000032,Floor,250 - PODLAHA,No,Phase 1,Yes,None,Yes,Rebar Cover 1,Rebar Cover 1,Rebar Cover 1,,,,,,,,,,,,,,,,,,,,,,,,,,,,,,,,,,,,,,,,,,,,,,,,,,,,,,,,,,,,,,,,,,,,,,,,,,,,,,,,,,,,,,,,,,,,,,,,,,,,,,,,,,,,,,,,,,,,,,,,,,,,,,,,,,,,,,,,,,,,,,,,,,,,,,,,,,,,,,,,,,
355,None,OST_Levels,8mm Head,8mm Head,8mm Head,8mm Head,8mm Head,Level,,,,,,,,,,None,,,,,,,,,,,,,0,None,0,No,None,Yes,Level 1,No,0,0,Centre,1,Type 1,No,Yes,,,,,,,,,,,,,,,,,,,,,,,,,,,,,,,,,,,,,,,,,,,,,,,,,,,,,,,,,,,,,,,,,,,,,,,,,,,,,,,,,,,,,,,,,,,,,,,,,,,,,,,,,,,,,,,,,,,,,,,,,,,,,,,,,,,,,,,,,,,,,,,,,,,
2607,None,OST_Levels,8mm Head,8mm Head,8mm Head,8mm Head,8mm Head,Level,,,,,,,,,,None,,,,,,,,,,,,,3400,None,0,No,None,Yes,Level 2,No,0,0,Centre,1,Type 1,No,Yes,,,,,,,,,,,,,,,,,,,,,,,,,,,,,,,,,,,,,,,,,,,,,,,,,,,,,,,,,,,,,,,,,,,,,,,,,,,,,,,,,,,,,,,,,,,,,,,,,,,,,,,,,,,,,,,,,,,,,,,,,,,,,,,,,,,,,,,,,,,,,,,,,,,
543586,None,OST_Levels,8mm Head,8mm Head,8mm Head,8mm Head,8mm Head,Level,,,,,,,,,,None,,,,,,,,,,,,,7400,None,0,No,None,Yes,Level 7,No,0,0,Centre,1,Type 1,No,Yes,,,,,,,,,,,,,,,,,,,,,,,,,,,,,,,,,,,,,,,,,,,,,,,,,,,,,,,,,,,,,,,,,,,,,,,,,,,,,,,,,,,,,,,,,,,,,,,,,,,,,,,,,,,,,,,,,,,,,,,,,,,,,,,,,,,,,,,,,,,,,,,,,,,
683692,None,OST_GenericModel,Family43,Family43,Family43,Family43,Family43,Záves,,4 m²,,,1260,,,0.02 m³,,,,,,,,Phase 1,,None,,,,,,,,,,,,,,,,,,,,None,63,95,115,84,105,126,74,121,None,60,2500,336767,321055,,,,,,,,,,,,,,,,,,,,,,,,,,,,,,,,,,,,,,,,,,,,,,,,,,,,,,,,,,,,,,,,,,,,,,,,,,,,,,,,,,,,,,,,,,,,,,,,,,,,,,,,,,,,,,,,,,,,,,,,,,,,,,,,,,,,,
683782,None,OST_GenericModel,Family43,Family43,Family43,Family43,Family43,Záves,,4 m²,,,1260,,,0.02 m³,,,,,,,,Phase 1,,None,,,,,,,,,,,,,,,,,,,,None,63,95,115,84,105,126,74,121,None,60,2500,336767,321055,,,,,,,,,,,,,,,,,,,,,,,,,,,,,,,,,,,,,,,,,,,,,,,,,,,,,,,,,,,,,,,,,,,,,,,,,,,,,,,,,,,,,,,,,,,,,,,,,,,,,,,,,,,,,,,,,,,,,,,,,,,,,,,,,,,,,
683843,None,OST_GenericModel,Family43,Family43,Family43,Family43,Family43,Záves,,4 m²,,,1260,,,0.02 m³,,,,,,,,Phase 1,,None,,,,,,,,,,,,,,,,,,,,None,63,95,115,84,105,126,74,121,None,60,2500,336767,321055,,,,,,,,,,,,,,,,,,,,,,,,,,,,,,,,,,,,,,,,,,,,,,,,,,,,,,,,,,,,,,,,,,,,,,,,,,,,,,,,,,,,,,,,,,,,,,,,,,,,,,,,,,,,,,,,,,,,,,,,,,,,,,,,,,,,,
683993,None,OST_GenericModel,Family43,Family43,Family43,Family43,Family43,Záves,,4 m²,,,1260,,,0.02 m³,,,,,,,,Phase 1,,None,,,,,,,,,,,,,,,,,,,,None,63,95,115,84,105,126,74,121,None,60,2500,336767,321055,,,,,,,,,,,,,,,,,,,,,,,,,,,,,,,,,,,,,,,,,,,,,,,,,,,,,,,,,,,,,,,,,,,,,,,,,,,,,,,,,,,,,,,,,,,,,,,,,,,,,,,,,,,,,,,,,,,,,,,,,,,,,,,,,,,,,
684210,None,OST_GenericModel,Family43,Family43,Family43,Family43,Family43,Záves,,4 m²,,,1260,,,0.02 m³,,,,,,,,Phase 1,,None,,,,,,,,,,,,,,,,,,,,None,63,95,115,84,105,126,74,121,None,60,2500,336767,321055,,,,,,,,,,,,,,,,,,,,,,,,,,,,,,,,,,,,,,,,,,,,,,,,,,,,,,,,,,,,,,,,,,,,,,,,,,,,,,,,,,,,,,,,,,,,,,,,,,,,,,,,,,,,,,,,,,,,,,,,,,,,,,,,,,,,,
684438,None,OST_GenericModel,Family43,Family43,Family43,Family43,Family43,Záves,,4 m²,,,1260,,,0.02 m³,,,,,,,,Phase 1,,None,,,,,,,,,,,,,,,,,,,,None,63,95,115,84,105,126,74,121,None,60,2500,336767,321055,,,,,,,,,,,,,,,,,,,,,,,,,,,,,,,,,,,,,,,,,,,,,,,,,,,,,,,,,,,,,,,,,,,,,,,,,,,,,,,,,,,,,,,,,,,,,,,,,,,,,,,,,,,,,,,,,,,,,,,,,,,,,,,,,,,,,
684472,None,OST_GenericModel,Family43,Family43,Family43,Family43,Family43,Záves,,4 m²,,,1260,,,0.02 m³,,,,,,,,Phase 1,,None,,,,,,,,,,,,,,,,,,,,None,63,95,115,84,105,126,74,121,None,60,2500,336767,321055,,,,,,,,,,,,,,,,,,,,,,,,,,,,,,,,,,,,,,,,,,,,,,,,,,,,,,,,,,,,,,,,,,,,,,,,,,,,,,,,,,,,,,,,,,,,,,,,,,,,,,,,,,,,,,,,,,,,,,,,,,,,,,,,,,,,,
684562,None,OST_GenericModel,Family43,Family43,Family43,Family43,Family43,Záves,,4 m²,,,1260,,,0.02 m³,,,,,,,,Phase 1,,None,,,,,,,,,,,,,,,,,,,,None,63,95,115,84,105,126,74,121,None,60,2500,336767,321055,,,,,,,,,,,,,,,,,,,,,,,,,,,,,,,,,,,,,,,,,,,,,,,,,,,,,,,,,,,,,,,,,,,,,,,,,,,,,,,,,,,,,,,,,,,,,,,,,,,,,,,,,,,,,,,,,,,,,,,,,,,,,,,,,,,,,
684603,None,OST_GenericModel,Family43,Family43,Family43,Family43,Family43,Záves,,4 m²,,,1260,,,0.02 m³,,,,,,,,Phase 1,,None,,,,,,,,,,,,,,,,,,,,None,63,95,115,84,105,126,74,121,None,60,2500,336767,321055,,,,,,,,,,,,,,,,,,,,,,,,,,,,,,,,,,,,,,,,,,,,,,,,,,,,,,,,,,,,,,,,,,,,,,,,,,,,,,,,,,,,,,,,,,,,,,,,,,,,,,,,,,,,,,,,,,,,,,,,,,,,,,,,,,,,,
684664,None,OST_GenericModel,Family43,Family43,Family43,Family43,Family43,Záves,,4 m²,,,1260,,,0.02 m³,,,,,,,,Phase 1,,None,,,,,,,,,,,,,,,,,,,,None,63,95,115,84,105,126,74,121,None,60,2500,336767,321055,,,,,,,,,,,,,,,,,,,,,,,,,,,,,,,,,,,,,,,,,,,,,,,,,,,,,,,,,,,,,,,,,,,,,,,,,,,,,,,,,,,,,,,,,,,,,,,,,,,,,,,,,,,,,,,,,,,,,,,,,,,,,,,,,,,,,
684700,None,OST_GenericModel,Family43,Family43,Family43,Family43,Family43,Záves,,4 m²,,,1260,,,0.02 m³,,,,,,,,Phase 1,,None,,,,,,,,,,,,,,,,,,,,None,63,95,115,84,105,126,74,121,None,60,2500,336767,321055,,,,,,,,,,,,,,,,,,,,,,,,,,,,,,,,,,,,,,,,,,,,,,,,,,,,,,,,,,,,,,,,,,,,,,,,,,,,,,,,,,,,,,,,,,,,,,,,,,,,,,,,,,,,,,,,,,,,,,,,,,,,,,,,,,,,,
668711,None,OST_GenericModel,roller blinder 3,roller blinder 3,roller blinder 3,roller blinder 3,roller blinder 3,roller blinder,,7 m²,,,,,,0.54 m³,,,,,,,,Phase 1,,None,,,,,,,,,,,,,,,,,,,,Level 1,,,,,,,,,None,100,2250,,,250,250,Level 1,1200,2420,16,340996,340997,340996,No,1219,30,150,75,2,15.00°,5,3,,,,,,,,,,,,,,,,,,,,,,,,,,,,,,,,,,,,,,,,,,,,,,,,,,,,,,,,,,,,,,,,,,,,,,,,,,,,,,,,,,,,,,,,,,,,,,,,,,,,,,,,,,,,,,,,,,,
669371,None,OST_GenericModel,roller blinder 3,roller blinder 3,roller blinder 3,roller blinder 3,roller blinder 3,roller blinder,,6 m²,,,,,,0.49 m³,,,,,,,,Phase 1,,None,,,,,,,,,,,,,,,,,,,,Level 2,,,,,,,,,None,100,2250,,,0,0,Level 2,800,2175,11,340996,340997,340996,No,1219,30,150,75,2,15.00°,5,3,,,,,,,,,,,,,,,,,,,,,,,,,,,,,,,,,,,,,,,,,,,,,,,,,,,,,,,,,,,,,,,,,,,,,,,,,,,,,,,,,,,,,,,,,,,,,,,,,,,,,,,,,,,,,,,,,,,
669898,None,OST_GenericModel,roller blinder 3,roller blinder 3,roller blinder 3,roller blinder 3,roller blinder 3,roller blinder,,3 m²,,,,,,0.23 m³,,,,,,,,Phase 1,,None,,,,,,,,,,,,,,,,,,,,Level 2,,,,,,,,,None,100,2250,,,0,0,Level 2,600,1034,8,340996,340997,340996,No,1219,30,150,75,2,15.00°,5,3,,,,,,,,,,,,,,,,,,,,,,,,,,,,,,,,,,,,,,,,,,,,,,,,,,,,,,,,,,,,,,,,,,,,,,,,,,,,,,,,,,,,,,,,,,,,,,,,,,,,,,,,,,,,,,,,,,,
682750,None,OST_GenericModel,Family1,Family1,Family1,Family1,Family1,Family1,,0 m²,,,,,,0.00 m³,,,,,,,,Phase 1,,None,,,,,,,,,,,,,,,,,,,,Level 1,,,,,,,,,None,,75,,,-385,-385,Level 1,,,,311892,,,,1219,,,,,,,,Level : Level 1,63,1500,120,7,30,311893,,,,,,,,,,,,,,,,,,,,,,,,,,,,,,,,,,,,,,,,,,,,,,,,,,,,,,,,,,,,,,,,,,,,,,,,,,,,,,,,,,,,,,,,,,,,,,,,,,,,,,,,,,,,
594572,None,OST_GenericModel,Generic Models 2,Generic Models 2,Generic Models 2,Generic Models 2,Generic Models 2,Generic Models 2,,16 m²,,,,,,0.98 m³,,,,,,,,Phase 1,,None,,,,,,,,,,,,,,,,,,,,None,,,,,,,,,None,,,340996,,0,,,,,,,,,,,,,,,,,,,,,,,,,No,,,,,,,,,,,,,,,,,,,,,,,,,,,,,,,,,,,,,,,,,,,,,,,,,,,,,,,,,,,,,,,,,,,,,,,,,,,,,,,,,,,,,,,,,,,,,,,,,,,,,,,,,,,
658087,None,OST_GenericModel,Straight Chimney,Straight Chimney,Straight Chimney,Straight Chimney,Straight Chimney,Straight Chimney,,3 m²,,,,,,0.24 m³,,,,,,,,Phase 1,,None,,,,,,,,,,,,,,,,,,,,Level 1,,,,,,,,,None,,7787,89581,,6400,,Level 1,,,,,,,,2,,,,,,,,Level : Level 1,150,,,,,,,Basic Wall : 400,1305,62,100,77,102,4,,,,,,,,,,,,,,,,,,,,,,,,,,,,,,,,,,,,,,,,,,,,,,,,,,,,,,,,,,,,,,,,,,,,,,,,,,,,,,,,,,,,,,,,,,,,,,,,,,,,
662765,None,OST_GenericModel,Straight gutter,Straight gutter,Straight gutter,Straight gutter,Straight gutter,Straight gutter,,1 m²,,,,,,0.05 m³,,,,,,,,Phase 1,,None,,,,,,,,,,,,,,,,,,,,Level 1,,,,,,,,,None,,6573,340996,,4650,,Level 1,,,,,,,,2,,,,,,,,Level : Level 1,80,,,,,,,Basic Wall : 400,5423,,50,38,52,3,160,,,,,,,,,,,,,,,,,,,,,,,,,,,,,,,,,,,,,,,,,,,,,,,,,,,,,,,,,,,,,,,,,,,,,,,,,,,,,,,,,,,,,,,,,,,,,,,,,,,
664983,None,OST_GenericModel,Straight gutter,Straight gutter,Straight gutter,Straight gutter,Straight gutter,Straight gutter,,1 m²,,,,,,0.05 m³,,,,,,,,Phase 1,,None,,,,,,,,,,,,,,,,,,,,Level 1,,,,,,,,,None,,6549,340996,,4650,,Level 1,,,,,,,,2,,,,,,,,Level : Level 1,80,,,,,,,Basic Wall : 400,5399,,50,38,52,3,160,,,,,,,,,,,,,,,,,,,,,,,,,,,,,,,,,,,,,,,,,,,,,,,,,,,,,,,,,,,,,,,,,,,,,,,,,,,,,,,,,,,,,,,,,,,,,,,,,,,
671513,None,OST_GenericModel,Glass Rail,Glass Rail,Glass Rail,Glass Rail,Glass Rail,Glass Rail,,1 m²,,,,,,0.02 m³,,,,,,,,Phase 1,,None,,,,,,,,,,,,,,,,,,,,Level 1,,,,,,,,,None,,997,89581,,3918,,Level 1,,1013,,,,,,1219,,,,,,,,Level : Level 1,50,,,,,,,window : 2 Frame Right Door,,,,,,,,25,202043,,,,,,,,,,,,,,,,,,,,,,,,,,,,,,,,,,,,,,,,,,,,,,,,,,,,,,,,,,,,,,,,,,,,,,,,,,,,,,,,,,,,,,,,,,,,,,,,,
671836,None,OST_GenericModel,Glass Rail,Glass Rail,Glass Rail,Glass Rail,Glass Rail,Glass Rail,,1 m²,,,,,,0.02 m³,,,,,,,,Phase 1,,None,,,,,,,,,,,,,,,,,,,,Level 1,,,,,,,,,None,,997,89581,,3918,,Level 1,,1034,,,,,,1219,,,,,,,,Level : Level 1,50,,,,,,,<not associated>,,,,,,,,25,202043,,,,,,,,,,,,,,,,,,,,,,,,,,,,,,,,,,,,,,,,,,,,,,,,,,,,,,,,,,,,,,,,,,,,,,,,,,,,,,,,,,,,,,,,,,,,,,,,,
672204,None,OST_GenericModel,Glass Rail,Glass Rail,Glass Rail,Glass Rail,Glass Rail,Glass Rail,,1 m²,,,,,,0.02 m³,,,,,,,,Phase 1,,None,,,,,,,,,,,,,,,,,,,,Level 1,,,,,,,,,None,,997,89581,,3944,,Level 1,,1013,,,,,,1219,,,,,,,,Level : Level 1,50,,,,,,,window : 2 Frame Right Door,,,,,,,,25,202043,,,,,,,,,,,,,,,,,,,,,,,,,,,,,,,,,,,,,,,,,,,,,,,,,,,,,,,,,,,,,,,,,,,,,,,,,,,,,,,,,,,,,,,,,,,,,,,,,
672403,None,OST_GenericModel,Glass Rail,Glass Rail,Glass Rail,Glass Rail,Glass Rail,Glass Rail,,1 m²,,,,,,0.02 m³,,,,,,,,Phase 1,,None,,,,,,,,,,,,,,,,,,,,Level 1,,,,,,,,,None,,997,89581,,3952,,Level 1,,964,,,,,,1219,,,,,,,,Level : Level 1,50,,,,,,,window : 2 Frame Left Door,,,,,,,,25,202043,,,,,,,,,,,,,,,,,,,,,,,,,,,,,,,,,,,,,,,,,,,,,,,,,,,,,,,,,,,,,,,,,,,,,,,,,,,,,,,,,,,,,,,,,,,,,,,,,
676416,None,OST_GenericModel,rain gutter,rain gutter,rain gutter,rain gutter,rain gutter,rain gutter,,7 m²,,,,,2,0.01 m³,,,,,,,,Phase 1,,None,,,,,,,,,,,,,,,,,,,,Level 1,,,,,,,,,None,,3000,340996,,0,0,,,,,,,,,,,125,,,,,,,,,,,,,No,Level : Level 1,,,,,,,,,,2850,454,896,11973,100,40,200,2500,0,0,Yes,Yes,,,,,,,,,,,,,,,,,,,,,,,,,,,,,,,,,,,,,,,,,,,,,,,,,,,,,,,,,,,,,,,,,,,,,,,,,,,,,,,,,,,,,
644607,None,OST_Floors,strecha 950,strecha 950,strecha 950,strecha 950,strecha 950,Floor,,81 m²,,,,,750,53.69 m³,,,,,,,,Phase 1,,None,,Rebar Cover 1,Rebar Cover 1,Rebar Cover 1,,,,,,,,Yes,,,,,,,,Level 7,,,,,,,,,,,,,,,,,,,,,,,,,,,,,,,,,,,,,,,,,,,,,,,,,,,,,,,,,,,,,,-200,No,Yes,0,6450,6450,6450,--9223372036854775808,--9223372036854775808,--9223372036854775808,37920,Yes,0.00°,0.7,0.0560 W/(m²·K),3,4.13 kJ/K,17.8571 (m²·K)/W,750,0,0,None,0,302611,,,,,,,,,,,,,,,,,,,,,,,,,,,,,,,,,,,,,,,,,,,,,,,,,,,,,,,,,,,,,
644520,None,OST_Floors,250 -strop,250 -strop,250 -strop,250 -strop,250 -strop,Floor,,81 m²,,,,,250,20.15 m³,,,,,,,,Phase 1,,None,,Rebar Cover 1,Rebar Cover 1,Rebar Cover 1,,,,,,,,Yes,,,,,,,,Level 2,,,,,,,,,,,,,,,,,,,,,,,,,,,,,,,,,,,,,,,,,,,,,,,,,,,,,,,,,,,,,,0,No,Yes,250,3150,3150,3150,3400,3400,3400,37920,Yes,0.00°,0.7,0.1680 W/(m²·K),3,1.38 kJ/K,5.9524 (m²·K)/W,250,0,0,None,0,None,,,,,,,,,,,,,,,,,,,,,,,,,,,,,,,,,,,,,,,,,,,,,,,,,,,,,,,,,,,,,
667476,None,OST_Floors,300,300,300,300,300,Floor,,48 m²,,,,,300,14.52 m³,,,,,,,,Phase 1,,None,,Rebar Cover 1,Rebar Cover 1,Rebar Cover 1,,,,,,,,Yes,,,,,,,,Level 2,,,,,,,,,,,,,,,,,,,,,,,,,,,,,,,,,,,,,,,,,,,,,,,,,,,,,,,,,,,,,,-400,No,Yes,300,2700,2700,2700,3000,3000,3000,38527,Yes,-90.00°,0.7,0.1400 W/(m²·K),3,1.65 kJ/K,7.1429 (m²·K)/W,300,0,0,None,0,None,,,,,,,,,,,,,,,,,,,,,,,,,,,,,,,,,,,,,,,,,,,,,,,,,,,,,,,,,,,,,
667805,None,OST_Floors,20,20,20,20,20,Floor,,48 m²,,,,,20,0.97 m³,,,,,,,,Phase 1,,None,,Rebar Cover 1,Rebar Cover 1,Rebar Cover 1,,,,,,,,Yes,,,,,,,,Level 2,,,,,,,,,,,,,,,,,,,,,,,,,,,,,,,,,,,,,,,,,,,,,,,,,,,,,,,,,,,,,,-380,No,Yes,20,3000,3000,3000,3020,3020,3020,38527,Yes,-90.00°,0.7,,3,,,20,0,0,None,0,None,,,,,,,,,,,,,,,,,,,,,,,,,,,,,,,,,,,,,,,,,,,,,,,,,,,,,,,,,,,,,
643975,None,OST_Doors,700x1970(100zar),700x1970(100zar),700x1970(100zar),700x1970(100zar),700x1970(100zar),door-parametric with opening,,5 m²,,2190,,,,0.07 m³,,,,,,,,Phase 1,,None,,,,,,,,,,,,,,,,,,,,Level 1,,,,,,,,,200,,,,,,,,,,,635358,,,,,,,,,,,,,,,,,,,,,,,,,,,,,,,,,,,,,,,,,,,,,,,,,,,,,,,,,,,,,0,,,,,250,10.00°,90.00°,10.00°,7,2440,<None>,0,2180,1090,100,10,100,1100,23.30.10.00,Doors,27,20,30,65,5,311892,,,,,,,,,,,,,,,,,,,,,,,,,,,,,,,,,,,,,,,
644072,None,OST_Doors,700x1970(100zar),700x1970(100zar),700x1970(100zar),700x1970(100zar),700x1970(100zar),door-parametric with opening,,5 m²,,2190,,,,0.07 m³,,,,,,,,Phase 1,,None,,,,,,,,,,,,,,,,,,,,Level 1,,,,,,,,,200,,,,,,,,,,,635358,,,,,,,,,,,,,,,,,,,,,,,,,,,,,,,,,,,,,,,,,,,,,,,,,,,,,,,,,,,,,0,,,,,250,10.00°,90.00°,10.00°,8,2440,<None>,0,2180,1090,100,10,100,1100,23.30.10.00,Doors,27,20,30,65,5,311892,,,,,,,,,,,,,,,,,,,,,,,,,,,,,,,,,,,,,,,
644164,None,OST_Doors,700x1970(100zar),700x1970(100zar),700x1970(100zar),700x1970(100zar),700x1970(100zar),door-parametric with opening,,5 m²,,2190,,,,0.07 m³,,,,,,,,Phase 1,,None,,,,,,,,,,,,,,,,,,,,Level 1,,,,,,,,,200,,,,,,,,,,,635358,,,,,,,,,,,,,,,,,,,,,,,,,,,,,,,,,,,,,,,,,,,,,,,,,,,,,,,,,,,,,0,,,,,250,10.00°,90.00°,10.00°,9,2440,<None>,0,2180,1090,100,10,100,1100,23.30.10.00,Doors,27,20,30,65,5,311892,,,,,,,,,,,,,,,,,,,,,,,,,,,,,,,,,,,,,,,
644234,None,OST_Doors,700x1970(100zar),700x1970(100zar),700x1970(100zar),700x1970(100zar),700x1970(100zar),door-parametric with opening,,5 m²,,2190,,,,0.07 m³,,,,,,,,Phase 1,,None,,,,,,,,,,,,,,,,,,,,Level 1,,,,,,,,,200,,,,,,,,,,,635358,,,,,,,,,,,,,,,,,,,,,,,,,,,,,,,,,,,,,,,,,,,,,,,,,,,,,,,,,,,,,0,,,,,250,10.00°,90.00°,10.00°,10,2440,<None>,0,2180,1090,100,10,100,1100,23.30.10.00,Doors,27,20,30,65,5,311892,,,,,,,,,,,,,,,,,,,,,,,,,,,,,,,,,,,,,,,
685143,None,OST_Doors,700x1970(100zar),700x1970(100zar),700x1970(100zar),700x1970(100zar),700x1970(100zar),door-parametric with opening,,5 m²,,2190,,,,0.07 m³,,,,,,,,Phase 1,,None,,,,,,,,,,,,,,,,,,,,Level 2,,,,,,,,,200,,,,,,,,,,,635358,,,,,,,,,,,,,,,,,,,,,,,,,,,,,,,,,,,,,,,,,,,,,,,,,,,,,,,,,,,,,0,,,,,0,10.00°,90.00°,10.00°,11,2190,<None>,0,2180,1090,100,10,100,1100,23.30.10.00,Doors,27,20,30,65,5,311892,,,,,,,,,,,,,,,,,,,,,,,,,,,,,,,,,,,,,,,
685209,None,OST_Doors,700x1970(100zar),700x1970(100zar),700x1970(100zar),700x1970(100zar),700x1970(100zar),door-parametric with opening,,5 m²,,2190,,,,0.07 m³,,,,,,,,Phase 1,,None,,,,,,,,,,,,,,,,,,,,Level 2,,,,,,,,,200,,,,,,,,,,,635358,,,,,,,,,,,,,,,,,,,,,,,,,,,,,,,,,,,,,,,,,,,,,,,,,,,,,,,,,,,,,0,,,,,0,10.00°,90.00°,10.00°,12,2190,<None>,0,2180,1090,100,10,100,1100,23.30.10.00,Doors,27,20,30,65,5,311892,,,,,,,,,,,,,,,,,,,,,,,,,,,,,,,,,,,,,,,
628572,None,OST_Windows,1 Frame,1 Frame,1 Frame,1 Frame,1 Frame,window,,24 m²,,700,,,,0.11 m³,,,,,,,,Phase 1,,None,,,,,,,,,,,,,,,,,,,,Level 1,,,,,,,,,400,,2250,,,,,,,1057,,,,,,,,,,,,,,,,,,,,,,,,,,,,,,,202043,,,,,,,,,,,,,,,,,,,,,,,,,,,,,,,,,,,,,250,,,,81,950,<None>,0,,,,,,1000,23.30.20.00,Windows,19,,,,,,957,800,1000,340996,340996,340996,No,No,100,20,50,50,50,800,Yes,No,No,No,Yes,No,No,No,No,No,,,,,,,,,,,,,,,
630130,None,OST_Windows,1 Frame,1 Frame,1 Frame,1 Frame,1 Frame,window,,10 m²,,700,,,,0.04 m³,,,,,,,,Phase 1,,None,,,,,,,,,,,,,,,,,,,,Level 1,,,,,,,,,400,,700,,,,,,,1096,,,,,,,,,,,,,,,,,,,,,,,,,,,,,,,202043,,,,,,,,,,,,,,,,,,,,,,,,,,,,,,,,,,,,,1500,,,,83,2200,<None>,0,,,,,,1000,23.30.20.00,Windows,19,,,,,,996,800,700,340996,340996,340996,No,Yes,100,20,50,50,50,800,Yes,No,No,No,Yes,No,No,No,No,No,,,,,,,,,,,,,,,
630654,None,OST_Windows,1 Frame,1 Frame,1 Frame,1 Frame,1 Frame,window,,14 m²,,700,,,,0.06 m³,,,,,,,,Phase 1,,None,,,,,,,,,,,,,,,,,,,,Level 1,,,,,,,,,400,,700,,,,,,,1600,,,,,,,,,,,,,,,,,,,,,,,,,,,,,,,202043,,,,,,,,,,,,,,,,,,,,,,,,,,,,,,,,,,,,,1500,,,,84,2200,<None>,0,,,,,,1000,23.30.20.00,Windows,19,,,,,,1500,800,700,340996,340996,340996,No,Yes,100,20,50,50,50,800,Yes,No,No,No,Yes,No,No,No,No,No,,,,,,,,,,,,,,,
632170,None,OST_Windows,1 Frame,1 Frame,1 Frame,1 Frame,1 Frame,window,,16 m²,,700,,,,0.07 m³,,,,,,,,Phase 1,,None,,,,,,,,,,,,,,,,,,,,Level 1,,,,,,,,,400,,2250,,,,,,,688,,,,,,,,,,,,,,,,,,,,,,,,,,,,,,,202043,,,,,,,,,,,,,,,,,,,,,,,,,,,,,,,,,,,,,250,,,,89,950,<None>,0,,,,,,1000,23.30.20.00,Windows,19,,,,,,588,800,700,340996,340996,340996,No,No,100,20,50,50,50,800,Yes,No,No,No,Yes,No,No,No,No,No,,,,,,,,,,,,,,,
634083,None,OST_Windows,1 Frame,1 Frame,1 Frame,1 Frame,1 Frame,window,,16 m²,,700,,,,0.07 m³,,,,,,,,Phase 1,,None,,,,,,,,,,,,,,,,,,,,Level 1,,,,,,,,,400,,2250,,,,,,,688,,,,,,,,,,,,,,,,,,,,,,,,,,,,,,,202043,,,,,,,,,,,,,,,,,,,,,,,,,,,,,,,,,,,,,250,,,,91,950,<None>,0,,,,,,1000,23.30.20.00,Windows,19,,,,,,588,800,700,340996,340996,340996,No,No,100,20,50,50,50,800,Yes,No,No,No,Yes,No,No,No,No,No,,,,,,,,,,,,,,,
644977,None,OST_Windows,1 Frame,1 Frame,1 Frame,1 Frame,1 Frame,window,,24 m²,,700,,,,0.10 m³,,,,,,,,Phase 1,,None,,,,,,,,,,,,,,,,,,,,Level 2,,,,,,,,,400,,2250,,,,,,,1034,,,,,,,,,,,,,,,,,,,,,,,,,,,,,,,202043,,,,,,,,,,,,,,,,,,,,,,,,,,,,,,,,,,,,,0,,,,104,700,<None>,0,,,,,,1000,23.30.20.00,Windows,19,,,,,,934,1115,0,340996,340996,340996,No,Yes,100,20,50,50,50,800,Yes,No,No,No,Yes,No,No,No,No,No,,,,,,,,,,,,,,,
649630,None,OST_Windows,1 Frame,1 Frame,1 Frame,1 Frame,1 Frame,window,,42 m²,,700,,,,0.19 m³,,,,,,,,Phase 1,,None,,,,,,,,,,,,,,,,,,,,Level 2,,,,,,,,,400,,2250,,,,,,,1937,,,,,,,,,,,,,,,,,,,,,,,,,,,,,,,202043,,,,,,,,,,,,,,,,,,,,,,,,,,,,,,,,,,,,,0,,,,106,700,<None>,0,,,,,,1000,23.30.20.00,Windows,19,,,,,,1837,1115,0,340996,340996,340996,No,Yes,100,20,50,50,50,800,Yes,No,No,No,Yes,No,No,No,No,No,,,,,,,,,,,,,,,
649931,None,OST_Windows,1 Frame,1 Frame,1 Frame,1 Frame,1 Frame,window,,18 m²,,700,,,,0.08 m³,,,,,,,,Phase 1,,None,,,,,,,,,,,,,,,,,,,,Level 2,,,,,,,,,400,,2250,,,,,,,775,,,,,,,,,,,,,,,,,,,,,,,,,,,,,,,202043,,,,,,,,,,,,,,,,,,,,,,,,,,,,,,,,,,,,,0,,,,107,700,<None>,0,,,,,,1000,23.30.20.00,Windows,19,,,,,,675,1115,0,340996,340996,340996,No,Yes,100,20,50,50,50,800,Yes,No,No,No,Yes,No,No,No,No,No,,,,,,,,,,,,,,,
651228,None,OST_Windows,1 Frame,1 Frame,1 Frame,1 Frame,1 Frame,window,,14 m²,,700,,,,0.06 m³,,,,,,,,Phase 1,,None,,,,,,,,,,,,,,,,,,,,Level 2,,,,,,,,,400,,700,,,,,,,1568,,,,,,,,,,,,,,,,,,,,,,,,,,,,,,,202043,,,,,,,,,,,,,,,,,,,,,,,,,,,,,,,,,,,,,1500,,,,110,2200,<None>,0,,,,,,1000,23.30.20.00,Windows,19,,,,,,1468,1115,0,340996,340996,340996,No,Yes,100,20,50,50,50,800,Yes,No,No,No,Yes,No,No,No,No,No,,,,,,,,,,,,,,,
651359,None,OST_Windows,1 Frame,1 Frame,1 Frame,1 Frame,1 Frame,window,,11 m²,,700,,,,0.04 m³,,,,,,,,Phase 1,,None,,,,,,,,,,,,,,,,,,,,Level 2,,,,,,,,,400,,700,,,,,,,1147,,,,,,,,,,,,,,,,,,,,,,,,,,,,,,,202043,,,,,,,,,,,,,,,,,,,,,,,,,,,,,,,,,,,,,1500,,,,111,2200,<None>,0,,,,,,1000,23.30.20.00,Windows,19,,,,,,1047,1115,0,340996,340996,340996,No,Yes,100,20,50,50,50,800,Yes,No,No,No,Yes,No,No,No,No,No,,,,,,,,,,,,,,,
645585,None,OST_Windows,2 Frame Right Door,2 Frame Right Door,2 Frame Right Door,2 Frame Right Door,2 Frame Right Door,window,,70 m²,,1500,,,,0.32 m³,,,,,,,,Phase 1,,None,,,,,,,,,,,,,,,,,,,,Level 2,,,,,,,,,400,,2250,,,,,,,3233,,,,,,,,,,,,,,,,,,,,,,,,,,,,,,,202043,,,,,,,,,,,,,,,,,,,,,,,,,,,,,,,,,,,,,0,,,,105,1500,<None>,0,,,,,,1000,23.30.20.00,Windows,22,,,,,,3133,1115,2150,340996,340996,340996,No,Yes,100,20,50,50,50,800,No,No,No,No,No,Yes,Yes,No,No,Yes,,,,,,,,,,,,,,,
650208,None,OST_Windows,2 Frame Right Door,2 Frame Right Door,2 Frame Right Door,2 Frame Right Door,2 Frame Right Door,window,,62 m²,,1500,,,,0.28 m³,,,,,,,,Phase 1,,None,,,,,,,,,,,,,,,,,,,,Level 2,,,,,,,,,400,,2250,,,,,,,2851,,,,,,,,,,,,,,,,,,,,,,,,,,,,,,,202043,,,,,,,,,,,,,,,,,,,,,,,,,,,,,,,,,,,,,0,,,,108,1500,<None>,0,,,,,,1000,23.30.20.00,Windows,22,,,,,,2751,1115,1800,340996,340996,340996,No,Yes,100,20,50,50,50,800,No,No,No,No,No,Yes,Yes,No,No,Yes,,,,,,,,,,,,,,,
629165,None,OST_Windows,both glass,both glass,both glass,both glass,both glass,window,,68 m²,,1500,,,,0.32 m³,,,,,,,,Phase 1,,None,,,,,,,,,,,,,,,,,,,,Level 1,,,,,,,,,400,,2250,,,,,,,3196,,,,,,,,,,,,,,,,,,,,,,,,,,,,,,,202043,,,,,,,,,,,,,,,,,,,,,,,,,,,,,,,,,,,,,250,,,,82,1750,<None>,0,,,,,,1000,23.30.20.00,Windows,32,,,,,,3096,800,750,340996,340996,340996,No,No,100,20,50,50,50,800,No,No,No,No,No,Yes,No,No,Yes,Yes,,,,,,,,,,,,,,,
630936,None,OST_Windows,both glass,both glass,both glass,both glass,both glass,window,,66 m²,,1500,,,,0.31 m³,,,,,,,,Phase 1,,None,,,,,,,,,,,,,,,,,,,,Level 1,,,,,,,,,400,,2250,,,,,,,3103,,,,,,,,,,,,,,,,,,,,,,,,,,,,,,,202043,,,,,,,,,,,,,,,,,,,,,,,,,,,,,,,,,,,,,250,,,,85,1750,<None>,0,,,,,,1000,23.30.20.00,Windows,32,,,,,,3003,800,1200,340996,340996,340996,No,No,100,20,50,50,50,800,No,No,No,No,No,Yes,No,No,Yes,Yes,,,,,,,,,,,,,,,
633117,None,OST_Windows,both glass,both glass,both glass,both glass,both glass,window,,70 m²,,1500,,,,0.33 m³,,,,,,,,Phase 1,,None,,,,,,,,,,,,,,,,,,,,Level 1,,,,,,,,,400,,2250,,,,,,,3292,,,,,,,,,,,,,,,,,,,,,,,,,,,,,,,202043,,,,,,,,,,,,,,,,,,,,,,,,,,,,,,,,,,,,,250,,,,90,1750,<None>,0,,,,,,1000,23.30.20.00,Windows,32,,,,,,3192,800,1275,340996,340996,340996,No,No,100,20,50,50,50,800,No,No,No,No,No,Yes,No,No,Yes,Yes,,,,,,,,,,,,,,,
632044,None,OST_Windows,Corner,Corner,Corner,Corner,Corner,window,,47 m²,,700,,,,0.20 m³,,,,,,,,Phase 1,,None,,,,,,,,,,,,,,,,,,,,Level 1,,,,,,,,,400,,2250,,,,,,,2160,,,,,,,,,,,,,,,,,,,,,,,,,,,,,,,202043,,,,,,,,,,,,,,,,,,,,,,,,,,,,,,,,,,,,,250,,,,88,950,<None>,0,,,,,,1000,23.30.20.00,Windows,33,,,,,,2060,800,700,340996,340996,340996,No,No,100,20,50,50,50,800,No,Yes,No,No,No,No,No,No,No,No,,,,,,,,,,,,,,,
634666,None,OST_Windows,Corner,Corner,Corner,Corner,Corner,window,,29 m²,,700,,,,0.12 m³,,,,,,,,Phase 1,,None,,,,,,,,,,,,,,,,,,,,Level 1,,,,,,,,,400,,2250,,,,,,,1297,,,,,,,,,,,,,,,,,,,,,,,,,,,,,,,202043,,,,,,,,,,,,,,,,,,,,,,,,,,,,,,,,,,,,,250,,,,93,950,<None>,0,,,,,,1000,23.30.20.00,Windows,33,,,,,,1197,800,700,340996,340996,340996,No,No,100,20,50,50,50,800,No,Yes,No,No,No,No,No,No,No,No,,,,,,,,,,,,,,,
651129,None,OST_Windows,2 Frame Left Door,2 Frame Left Door,2 Frame Left Door,2 Frame Left Door,2 Frame Left Door,window,,62 m²,,2500,,,,0.28 m³,,,,,,,,Phase 1,,None,,,,,,,,,,,,,,,,,,,,Level 2,,,,,,,,,400,,2250,,,,,,,2851,,,,,,,,,,,,,,,,,,,,,,,,,,,,,,,202043,,,,,,,,,,,,,,,,,,,,,,,,,,,,,,,,,,,,,0,,,,109,2500,<None>,0,,,,,,2200,23.30.20.00,Windows,35,,,,,,2801,1115,1000,340996,340996,340996,No,Yes,50,20,50,50,50,800,No,No,No,No,No,Yes,No,Yes,Yes,No,,,,,,,,,,,,,,,
665919,None,OST_Windows,1 Frame Double,1 Frame Double,1 Frame Double,1 Frame Double,1 Frame Double,window,,25 m²,,700,,,,0.09 m³,,,,,,,,Phase 1,,None,,,,,,,,,,,,,,,,,,,,Level 1,,,,,,,,,400,,2250,,,,,,,1100,,,,,,,,,,,,,,,,,,,,,,,,,,,,,,,340996,,,,,,,,,,,,,,,,,,,,,,,,,,,,,,,,,,,,,250,,,,112,950,<None>,0,,,,,,1000,23.30.20.00,Windows,37,,,,,,1000,800,1000,340996,340996,340996,No,No,100,20,50,50,50,800,Yes,No,No,Yes,No,No,No,No,No,No,,,,,,,,,,,,,,,
626379,None,OST_Walls,200,200,200,200,200,Basic Wall,,18 m²,,,3435,,,3.70 m³,,,,,,,,Phase 1,,None,,,Rebar Cover 1,,,,,,,,,Yes,,,,,,,,,,,,,,,,,,,,,,,,,,,,,,,,,,,,,,,,,,,,,,,,,,,,,,,,,,,,,,,,,,,,,,,No,Yes,,,,,,,,,Yes,,0.7,0.2100 W/(m²·K),3,1.10 kJ/K,4.7619 (m²·K)/W,,0,0,None,,302611,,,,,,,,,,,,,,200,,,,,,,,,,,,,,,,,,,,,,,,,,,,,,,,,Level 1,0,0,No,2,Level 2,0,0,Yes,3400,Rebar Cover 1,Rebar Cover 1,1,0,0
626611,None,OST_Walls,200,200,200,200,200,Basic Wall,,11 m²,,,2060,,,2.27 m³,,,,,,,,Phase 1,,None,,,Rebar Cover 1,,,,,,,,,Yes,,,,,,,,,,,,,,,,,,,,,,,,,,,,,,,,,,,,,,,,,,,,,,,,,,,,,,,,,,,,,,,,,,,,,,,No,Yes,,,,,,,,,Yes,,0.7,0.2100 W/(m²·K),3,1.10 kJ/K,4.7619 (m²·K)/W,,0,0,None,,302611,,,,,,,,,,,,,,200,,,,,,,,,,,,,,,,,,,,,,,,,,,,,,,,,Level 1,0,0,No,2,Level 2,0,0,Yes,3400,Rebar Cover 1,Rebar Cover 1,1,0,0
626927,None,OST_Walls,200,200,200,200,200,Basic Wall,,23 m²,,,4445,,,4.51 m³,,,,,,,,Phase 1,,None,,,Rebar Cover 1,,,,,,,,,Yes,,,,,,,,,,,,,,,,,,,,,,,,,,,,,,,,,,,,,,,,,,,,,,,,,,,,,,,,,,,,,,,,,,,,,,,No,Yes,,,,,,,,,Yes,,0.7,0.2100 W/(m²·K),3,1.10 kJ/K,4.7619 (m²·K)/W,,0,0,None,,302611,,,,,,,,,,,,,,200,,,,,,,,,,,,,,,,,,,,,,,,,,,,,,,,,Level 1,0,0,No,2,Level 2,0,0,Yes,3400,Rebar Cover 1,Rebar Cover 1,1,0,0
627097,None,OST_Walls,200,200,200,200,200,Basic Wall,,21 m²,,,3500,,,4.26 m³,,,,,,,,Phase 1,,None,,,Rebar Cover 1,,,,,,,,,Yes,,,,,,,,,,,,,,,,,,,,,,,,,,,,,,,,,,,,,,,,,,,,,,,,,,,,,,,,,,,,,,,,,,,,,,,No,Yes,,,,,,,,,Yes,,0.7,0.2100 W/(m²·K),3,1.10 kJ/K,4.7619 (m²·K)/W,,0,0,None,,302611,,,,,,,,,,,,,,200,,,,,,,,,,,,,,,,,,,,,,,,,,,,,,,,,Level 1,0,0,No,2,Level 2,0,0,Yes,3400,Rebar Cover 1,Rebar Cover 1,1,0,0
627406,None,OST_Walls,200,200,200,200,200,Basic Wall,,13 m²,,,2139,,,2.50 m³,,,,,,,,Phase 1,,None,,,Rebar Cover 1,,,,,,,,,Yes,,,,,,,,,,,,,,,,,,,,,,,,,,,,,,,,,,,,,,,,,,,,,,,,,,,,,,,,,,,,,,,,,,,,,,,No,Yes,,,,,,,,,Yes,,0.7,0.2100 W/(m²·K),3,1.10 kJ/K,4.7619 (m²·K)/W,,0,0,None,,302611,,,,,,,,,,,,,,200,,,,,,,,,,,,,,,,,,,,,,,,,,,,,,,,,Level 1,0,0,No,2,Level 2,0,0,Yes,3400,Rebar Cover 1,Rebar Cover 1,1,0,0
627727,None,OST_Walls,200,200,200,200,200,Basic Wall,,11 m²,,,2120,,,2.25 m³,,,,,,,,Phase 1,,None,,,Rebar Cover 1,,,,,,,,,Yes,,,,,,,,,,,,,,,,,,,,,,,,,,,,,,,,,,,,,,,,,,,,,,,,,,,,,,,,,,,,,,,,,,,,,,,No,Yes,,,,,,,,,Yes,,0.7,0.2100 W/(m²·K),3,1.10 kJ/K,4.7619 (m²·K)/W,,0,0,None,,302611,,,,,,,,,,,,,,200,,,,,,,,,,,,,,,,,,,,,,,,,,,,,,,,,Level 1,0,0,No,2,Level 2,0,0,Yes,3400,Rebar Cover 1,Rebar Cover 1,1,0,0
627969,None,OST_Walls,200,200,200,200,200,Basic Wall,,20 m²,,,3400,,,4.00 m³,,,,,,,,Phase 1,,None,,,Rebar Cover 1,,,,,,,,,Yes,,,,,,,,,,,,,,,,,,,,,,,,,,,,,,,,,,,,,,,,,,,,,,,,,,,,,,,,,,,,,,,,,,,,,,,No,Yes,,,,,,,,,Yes,,0.7,0.2100 W/(m²·K),3,1.10 kJ/K,4.7619 (m²·K)/W,,0,0,None,,302611,,,,,,,,,,,,,,200,,,,,,,,,,,,,,,,,,,,,,,,,,,,,,,,,Level 1,0,0,No,2,Level 2,0,0,Yes,3400,Rebar Cover 1,Rebar Cover 1,1,0,0
685063,None,OST_Walls,200,200,200,200,200,Basic Wall,,15 m²,,,6635,,,2.96 m³,,,,,,,,Phase 1,,None,,,Rebar Cover 1,,,,,,,,,Yes,,,,,,,,,,,,,,,,,,,,,,,,,,,,,,,,,,,,,,,,,,,,,,,,,,,,,,,,,,,,,,,,,,,,,,,No,Yes,,,,,,,,,Yes,,0.7,0.2100 W/(m²·K),3,1.10 kJ/K,4.7619 (m²·K)/W,,0,0,None,,302611,,,,,,,,,,,,,,200,,,,,,,,,,,,,,,,,,,,,,,,,,,,,,,,,Level 2,0,0,No,2,Level 7,0,0,Yes,4000,Rebar Cover 1,Rebar Cover 1,1,0,0
685695,None,OST_Walls,200,200,200,200,200,Basic Wall,,13 m²,,,4320,,,2.57 m³,,,,,,,,Phase 1,,None,,,Rebar Cover 1,,,,,,,,,Yes,,,,,,,,,,,,,,,,,,,,,,,,,,,,,,,,,,,,,,,,,,,,,,,,,,,,,,,,,,,,,,,,,,,,,,,No,Yes,,,,,,,,,Yes,,0.7,0.2100 W/(m²·K),3,1.10 kJ/K,4.7619 (m²·K)/W,,0,0,None,,302611,,,,,,,,,,,,,,200,,,,,,,,,,,,,,,,,,,,,,,,,,,,,,,,,Level 2,0,0,No,2,Level 7,0,0,Yes,4000,Rebar Cover 1,Rebar Cover 1,1,0,0
624002,None,OST_Walls,400,400,400,400,400,Basic Wall,,88 m²,,,12925,,,35.15 m³,,,,,,,,Phase 1,,None,,,Rebar Cover 1,,,,,,,,,Yes,,,,,,,,,,,,,,,,,,,,,,,,,,,,,,,,,,,,,,,,,,,,,,,,,,,,,,,,,,,,,,,,,,,,,,,No,Yes,,,,,,,,,Yes,,0.7,0.1050 W/(m²·K),3,2.21 kJ/K,9.5238 (m²·K)/W,,0,0,None,,302611,,,,,,,,,,,,,,400,,,,,,,,,,,,,,,,,,,,,,,,,,,,,,,,,Level 1,0,0,No,2,Level 7,0,-200,No,7200,Rebar Cover 1,Rebar Cover 1,1,0,0
624374,None,OST_Walls,400,400,400,400,400,Basic Wall,,28 m²,,,6835,,,11.03 m³,,,,,,,,Phase 1,,None,,,Rebar Cover 1,,,,,,,,,Yes,,,,,,,,,,,,,,,,,,,,,,,,,,,,,,,,,,,,,,,,,,,,,,,,,,,,,,,,,,,,,,,,,,,,,,,No,Yes,,,,,,,,,Yes,,0.7,0.1050 W/(m²·K),3,2.21 kJ/K,9.5238 (m²·K)/W,,0,0,None,,302611,,,,,,,,,,,,,,400,,,,,,,,,,,,,,,,,,,,,,,,,,,,,,,,,Level 1,0,0,No,2,Level 7,0,-200,No,7200,Rebar Cover 1,Rebar Cover 1,1,0,0
625039,None,OST_Walls,400,400,400,400,400,Basic Wall,,80 m²,,,12925,,,32.13 m³,,,,,,,,Phase 1,,None,,,Rebar Cover 1,,,,,,,,,Yes,,,,,,,,,,,,,,,,,,,,,,,,,,,,,,,,,,,,,,,,,,,,,,,,,,,,,,,,,,,,,,,,,,,,,,,No,Yes,,,,,,,,,Yes,,0.7,0.1050 W/(m²·K),3,2.21 kJ/K,9.5238 (m²·K)/W,,0,0,None,,302611,,,,,,,,,,,,,,400,,,,,,,,,,,,,,,,,,,,,,,,,,,,,,,,,Level 1,0,0,No,2,Level 7,0,-200,No,7200,Rebar Cover 1,Rebar Cover 1,1,0,0
625587,None,OST_Walls,400,400,400,400,400,Basic Wall,,19 m²,,,6835,,,7.40 m³,,,,,,,,Phase 1,,None,,,Rebar Cover 1,,,,,,,,,Yes,,,,,,,,,,,,,,,,,,,,,,,,,,,,,,,,,,,,,,,,,,,,,,,,,,,,,,,,,,,,,,,,,,,,,,,No,Yes,,,,,,,,,Yes,,0.7,0.1050 W/(m²·K),3,2.21 kJ/K,9.5238 (m²·K)/W,,0,0,None,,302611,,,,,,,,,,,,,,400,,,,,,,,,,,,,,,,,,,,,,,,,,,,,,,,,Level 1,0,0,No,2,Level 7,0,-200,No,7200,Rebar Cover 1,Rebar Cover 1,1,0,0
644363,None,OST_Walls,400,400,400,400,400,Basic Wall,,3 m²,,,12925,,,1.07 m³,,,,,,,,Phase 1,,None,,,Rebar Cover 1,,,,,,,,,Yes,,,,,,,,,,,,,,,,,,,,,,,,,,,,,,,,,,,,,,,,,,,,,,,,,,,,,,,,,,,,,,,,,,,,,,,No,Yes,,,,,,,,,Yes,,0.7,0.1050 W/(m²·K),3,2.21 kJ/K,9.5238 (m²·K)/W,,0,0,None,,302611,,,,,,,,,,,,,,400,,,,,,,,,,,,,,,,,,,,,,,,,,,,,,,,,Level 7,0,-200,No,2,Level 7,0,0,No,200,Rebar Cover 1,Rebar Cover 1,1,0,0
644365,None,OST_Walls,400,400,400,400,400,Basic Wall,,1 m²,,,6835,,,0.55 m³,,,,,,,,Phase 1,,None,,,Rebar Cover 1,,,,,,,,,Yes,,,,,,,,,,,,,,,,,,,,,,,,,,,,,,,,,,,,,,,,,,,,,,,,,,,,,,,,,,,,,,,,,,,,,,,No,Yes,,,,,,,,,Yes,,0.7,0.1050 W/(m²·K),3,2.21 kJ/K,9.5238 (m²·K)/W,,0,0,None,,302611,,,,,,,,,,,,,,400,,,,,,,,,,,,,,,,,,,,,,,,,,,,,,,,,Level 7,0,-200,No,2,Level 7,0,0,No,200,Rebar Cover 1,Rebar Cover 1,1,0,0
644367,None,OST_Walls,400,400,400,400,400,Basic Wall,,3 m²,,,12925,,,1.03 m³,,,,,,,,Phase 1,,None,,,Rebar Cover 1,,,,,,,,,Yes,,,,,,,,,,,,,,,,,,,,,,,,,,,,,,,,,,,,,,,,,,,,,,,,,,,,,,,,,,,,,,,,,,,,,,,No,Yes,,,,,,,,,Yes,,0.7,0.1050 W/(m²·K),3,2.21 kJ/K,9.5238 (m²·K)/W,,0,0,None,,302611,,,,,,,,,,,,,,400,,,,,,,,,,,,,,,,,,,,,,,,,,,,,,,,,Level 7,0,-200,No,2,Level 7,0,0,No,200,Rebar Cover 1,Rebar Cover 1,1,0,0
644369,None,OST_Walls,400,400,400,400,400,Basic Wall,,1 m²,,,6835,,,0.51 m³,,,,,,,,Phase 1,,None,,,Rebar Cover 1,,,,,,,,,Yes,,,,,,,,,,,,,,,,,,,,,,,,,,,,,,,,,,,,,,,,,,,,,,,,,,,,,,,,,,,,,,,,,,,,,,,No,Yes,,,,,,,,,Yes,,0.7,0.1050 W/(m²·K),3,2.21 kJ/K,9.5238 (m²·K)/W,,0,0,None,,302611,,,,,,,,,,,,,,400,,,,,,,,,,,,,,,,,,,,,,,,,,,,,,,,,Level 7,0,-200,No,2,Level 7,0,0,No,200,Rebar Cover 1,Rebar Cover 1,1,0,0
626062,None,OST_Walls,300 beton,300 beton,300 beton,300 beton,300 beton,Basic Wall,,3 m²,,,1490,,,0.95 m³,,,,,,,,Phase 1,,None,,,Rebar Cover 1,,,,,,,,,Yes,,,,,,,,,,,,,,,,,,,,,,,,,,,,,,,,,,,,,,,,,,,,,,,,,,,,,,,,,,,,,,,,,,,,,,,No,Yes,,,,,,,,,Yes,,0.7,0.0833 W/(m²·K),3,0.03 kJ/K,12.0000 (m²·K)/W,,0,0,None,,672746,,,,,,,,,,,,,,300,,,,,,,,,,,,,,,,,,,,,,,,,,,,,,,,,Level 1,0,250,No,2,Level 2,0,0,Yes,3150,Rebar Cover 1,Rebar Cover 1,1,0,0
665334,None,OST_Walls,300 beton,300 beton,300 beton,300 beton,300 beton,Basic Wall,,5 m²,,,2060,,,1.51 m³,,,,,,,,Phase 1,,None,,,Rebar Cover 1,,,,,,,,,Yes,,,,,,,,,,,,,,,,,,,,,,,,,,,,,,,,,,,,,,,,,,,,,,,,,,,,,,,,,,,,,,,,,,,,,,,No,Yes,,,,,,,,,Yes,,0.7,0.0833 W/(m²·K),3,0.03 kJ/K,12.0000 (m²·K)/W,,0,0,None,,672746,,,,,,,,,,,,,,300,,,,,,,,,,,,,,,,,,,,,,,,,,,,,,,,,Level 1,0,250,No,2,Level 2,0,0,Yes,3150,Rebar Cover 1,Rebar Cover 1,1,0,0
665447,None,OST_Walls,300 beton,300 beton,300 beton,300 beton,300 beton,Basic Wall,,5 m²,,,2120,,,1.56 m³,,,,,,,,Phase 1,,None,,,Rebar Cover 1,,,,,,,,,Yes,,,,,,,,,,,,,,,,,,,,,,,,,,,,,,,,,,,,,,,,,,,,,,,,,,,,,,,,,,,,,,,,,,,,,,,No,Yes,,,,,,,,,Yes,,0.7,0.0833 W/(m²·K),3,0.03 kJ/K,12.0000 (m²·K)/W,,0,0,None,,672746,,,,,,,,,,,,,,300,,,,,,,,,,,,,,,,,,,,,,,,,,,,,,,,,Level 1,0,250,No,2,Level 2,0,0,Yes,3150,Rebar Cover 1,Rebar Cover 1,1,0,0
665565,None,OST_Walls,300 beton,300 beton,300 beton,300 beton,300 beton,Basic Wall,,5 m²,,,2400,,,1.62 m³,,,,,,,,Phase 1,,None,,,Rebar Cover 1,,,,,,,,,Yes,,,,,,,,,,,,,,,,,,,,,,,,,,,,,,,,,,,,,,,,,,,,,,,,,,,,,,,,,,,,,,,,,,,,,,,No,Yes,,,,,,,,,Yes,,0.7,0.0833 W/(m²·K),3,0.03 kJ/K,12.0000 (m²·K)/W,,0,0,None,,672746,,,,,,,,,,,,,,300,,,,,,,,,,,,,,,,,,,,,,,,,,,,,,,,,Level 1,0,250,No,2,Level 2,0,0,Yes,3150,Rebar Cover 1,Rebar Cover 1,1,0,0
667402,None,OST_Walls,300 beton,300 beton,300 beton,300 beton,300 beton,Basic Wall,,2 m²,,,775,,,0.57 m³,,,,,,,,Phase 1,,None,,,Rebar Cover 1,,,,,,,,,Yes,,,,,,,,,,,,,,,,,,,,,,,,,,,,,,,,,,,,,,,,,,,,,,,,,,,,,,,,,,,,,,,,,,,,,,,No,Yes,,,,,,,,,Yes,,0.7,0.0833 W/(m²·K),3,0.03 kJ/K,12.0000 (m²·K)/W,,0,0,None,,672746,,,,,,,,,,,,,,300,,,,,,,,,,,,,,,,,,,,,,,,,,,,,,,,,Level 1,0,250,No,2,Level 2,0,0,Yes,3150,Rebar Cover 1,Rebar Cover 1,1,0,0
