,Parent,Width,Material,Grade,Tag,Phase Created,AccessibilityPerformance,Moves With Nearby Elements,WarrantyGuarantorParts,AssetAccountingType,CodePerformance,Height,ContainedInStructure,Label,Level,ObjectPlacement,Representation,ObjectType,Size,HasAssociations,IsDefinedBy,RatedCurrent,GlobalId,Color,OwnerHistory,SustainabilityPerformance,Name,Description,InstallationDate,ODAUniqueID,WarrantyGuarantorLabor,Status,Host,TagNumber,Features,AssetIdentifier,WarrantyStartDate,BarCode,SerialNumber,Constituents,Mark,NumberOfPoles,HasProtectiveEarth,NominalFrequencyRange,RatedVoltage,NominalWidth,WarrantyDurationLabor,ModelLabel,WarrantyDescription,ProductionYear,Shape,ModelReference,IP_Code,ReplacementCost,OmniClass Title,Finish,WarrantyDurationParts,Depth,ConductorFunction,NominalLength,PowerFactor,InsulationStandardClass,ExpectedLife,NominalHeight,OmniClass Number,Model,Manufacturer,FixtureHeight,Light Loss Factor,MaximumPlenumSensibleLoad,Dimming Lamp Color Temperature Shift,Light Source Definition (family),Reference,Initial Intensity,BackupSupplySystem,Color Filter,SelfTestFunction,Calculate Coefficient of Utilization,SecurityLightingType,PictogramEscapeDirection,Electrical Data,Ballast Number of Poles,Addressability,Circuit Number,Panel,SensibleLoadToRadiant,Elevation,Shade Material,Initial Color,LightFixtureMountingType,NumberOfSources,TotalWattage,MaintenanceFactor,LightFixturePlacingType,MaximumSpaceSensibleLoad,Assembly Code,Radius,Light Source Symbol Size,Load Classification,Ballast Voltage,Lamp,Assembly Description,Default Elevation,Apparent Load,Ceiling Mount Material,Drop From Ceiling,Pendant Material,Offset,IsPluggableOutlet,Load,Switch Voltage,Range Material,Burner Material,Schedule Level,Panel Name,HalfHeight,IsSkilledOperator,IsMain,Standoff,HalfWidth,Max #1 Pole Breakers,HVAC Demand Factor,Distribution System,Heating Connected,Total Estimated Demand Current,Mains,Lighting - Dwelling Unit Connected Current,Lighting - Dwelling Unit Demand Factor,Apparent Load Phase A,Total Estimated Demand,Receptacle Demand Factor,Total Connected,Heating Demand Factor,HVAC Estimated Demand,Appliance - Dwelling Unit Demand Factor,Heating Estimated Demand,Circuit Naming,HVAC Connected,Number of Wires,Number of Phases,Appliance - Dwelling Unit Estimated Demand,Lighting - Dwelling Unit Connected,Total Connected Current,Receptacle Estimated Demand,Heating Connected Current,HVAC Connected Current,Other Estimated Demand Current,Lighting - Dwelling Unit Estimated Demand,24 Circuit Height,Current Phase C,Appliance - Dwelling Unit Connected Current,Current Phase B,Current Phase A,Total Demand Factor,Receptacle Connected,Lighting - Dwelling Unit Estimated Demand Current,Receptacle Connected Current,Heating Estimated Demand Current,Appliance - Dwelling Unit Estimated Demand Current,Apparent Load Phase B,Other Connected,Receptacle Estimated Demand Current,Apparent Load Phase C,Other Estimated Demand,HVAC Estimated Demand Current,Appliance - Dwelling Unit Connected,Other Connected Current,Enclosure,Mounting,30 Circuit Height,42 Circuit Height,12 Circuit Height,Head Depth,Head Radius,Base Radius,Base Depth,Head Small Radius,ControlElementId,Length,Projection,CompositionType,System Name,Gas Radius,Vent Radius,Electrical Box Height,Exhaust Air Flow,Boiler Radius,Water Flow,System Classification,Water Pressure Drop,Exhaust Air Pressure Drop,Gas Flow,Input Heat,Output Heat,Vent Box Radius,Boiler Top Radius,Radius 1,Vent Box Diameter,Number of Poles,Voltage,Hot Water Diameter,Cold Water Diameter,Vent Diameter,Boiler Diameter,Gas Diameter,Hot Water Radius,Electrical Box Width,Boiler Height,Boiler Top Diameter,Cold Water Radius,Vent Box Height,Electrical Box Length,Outside Radius 1,Outside Radius 2,Outside Radius 4,RPM,Length 1,Length 2,Length 3,Length 4,Radius 2,Radius 3,Suction Outside Diameter,Flange Radius,Housing Width,Outside Diameter 1,Outside Diameter 2,Outside Diameter 4,Suction Outside Radius,Flange Height,Discharge Nominal Radius,Suction Nominal Radius,Flange Diameter,Discharge Nominal Diameter,Suction Nominal Diameter,External Static Presure,Half Exhaust Inlet Height,Air Flow,Base Width,Fan Height,Diameter 1,Diameter 2,Half Outlet Radius,Fan Diameter,Overall Height,Outlet Height,Outlet Width,Fan Radius,Cap Diameter,Cap Radius
22851,Level 1,2.788714,"Metal - Paint Finish - Ivory, Matte",N/A,575374,New Construction,N/A,F,N/A,FIXED,N/A,6.003937,50926,REF.,Level: Level 1,22850,22845,850 x 760mm,N/A,51025,"22911,22915,22919,22923,22927,51059,51107,51109",15,1K7eM1Qof1dOc9$mY9I4Ci,N/A,61,N/A,M_Refrigerator:850 x 760mm:850 x 760mm:575374,,N/A,22851,N/A,N/A,Level : Level 1,N/A,N/A,N/A,N/A,N/A,N/A,N/A,1,1,TRUE,60,120,N/A,N/A,N/A,N/A,N/A,N/A,ED5LHAXWQ,52,N/A,Refrigerators,N/A,N/A,2.493438,L3,N/A,0.70,NOTKNOWN,N/A,N/A,23.40.40.11.11.11,ED5LHAXWQ,SAMSUNG,,,,,,,,,,,,,,,,,,,,,,,,,,,,,,,,,,,,,,,,,,,,,,,,,,,,,,,,,,,,,,,,,,,,,,,,,,,,,,,,,,,,,,,,,,,,,,,,,,,,,,,,,,,,,,,,,,,,,,,,,,,,,,,,,,,,,,,,,,,,,,,,,,,,,,,,,,,,,,,,,,,,,,,,,,,,,,,,,,,,,,,
22965,Level 1,2.788714,"Metal - Paint Finish - Ivory, Matte",N/A,575375,New Construction,N/A,F,N/A,FIXED,N/A,6.003937,50926,REF.,Level: Level 1,22964,22959,850 x 760mm,N/A,51027,"22977,22981,22985,22989,22993,51059,51107,51109",15,1K7eM1Qof1dOc9$mY9I4Cj,N/A,61,N/A,M_Refrigerator:850 x 760mm:850 x 760mm:575375,,N/A,22965,N/A,N/A,Level : Level 1,N/A,N/A,N/A,N/A,N/A,N/A,N/A,2,1,TRUE,60,120,N/A,N/A,N/A,N/A,N/A,N/A,ED5LHAXWQ,52,N/A,Refrigerators,N/A,N/A,2.493438,L3,N/A,0.70,NOTKNOWN,N/A,N/A,23.40.40.11.11.11,ED5LHAXWQ,SAMSUNG,,,,,,,,,,,,,,,,,,,,,,,,,,,,,,,,,,,,,,,,,,,,,,,,,,,,,,,,,,,,,,,,,,,,,,,,,,,,,,,,,,,,,,,,,,,,,,,,,,,,,,,,,,,,,,,,,,,,,,,,,,,,,,,,,,,,,,,,,,,,,,,,,,,,,,,,,,,,,,,,,,,,,,,,,,,,,,,,,,,,,,,
29003,Level 1,,N/A,N/A,575376,New Construction,N/A,,N/A,FIXED,N/A,,50926,,,29002,28997,100W - 120V,N/A,51029,"29090,29094,29098,29102,29106,29110,29114,29118,51061,51111,51113,51115,51117,51119,51121,51123,51125",20,1K7eM1Qof1dOc9$mY9I4Co,N/A,61,N/A,M_Sconce Light - Sphere:100W - 120V:100W - 120V:575376,,N/A,29003,N/A,NEW,Orphaned,N/A,N/A,N/A,N/A,N/A,N/A,N/A,5,1,TRUE,60,120,N/A,N/A,N/A,N/A,N/A,N/A,N/A,54,N/A,"General Luminaries, Non Directional",N/A,N/A,,L1,N/A,0.28,NOTKNOWN,N/A,N/A,23.80.70.11.11,Y32012-42,Hampton Bay,0,0,0,0,Point+HemiSpherical,Type A,0,UNSET,16777215,NONE,F,OTHER,UNSET, 120 V/1-100 VA,1,UNSET,2,Unit A Panelboard,0,0.000000,Glass - Frosted,0,OTHER,1,100,3,WALL,0,D5020220,0.656168,0.656168,Lighting - Dwelling Unit,1291.669250,R-30,Lighting - Incandescent,6.233596,1076.391042,,,,,,,,,,,,,,,,,,,,,,,,,,,,,,,,,,,,,,,,,,,,,,,,,,,,,,,,,,,,,,,,,,,,,,,,,,,,,,,,,,,,,,,,,,,,,,,,,,,,,,,,,,,,,,,,,,,,,,,,,,,,,,,,,,,,,,,,,,,,,,,,,,
29154,Level 1,,N/A,N/A,575378,New Construction,N/A,,N/A,FIXED,N/A,,50926,,,29153,29148,100W - 120V,N/A,51029,"29176,29180,29184,29188,29192,29196,29200,29204,51061,51111,51113,51115,51117,51119,51121,51123,51125",20,1K7eM1Qof1dOc9$mY9I4Cm,N/A,61,N/A,M_Sconce Light - Sphere:100W - 120V:100W - 120V:575378,,N/A,29154,N/A,NEW,Orphaned,N/A,N/A,N/A,N/A,N/A,N/A,N/A,6,1,TRUE,60,120,N/A,N/A,N/A,N/A,N/A,N/A,N/A,54,N/A,"General Luminaries, Non Directional",N/A,N/A,,L1,N/A,0.28,NOTKNOWN,N/A,N/A,23.80.70.11.11,Y32012-42,Hampton Bay,0,0,0,0,Point+HemiSpherical,Type A,0,UNSET,16777215,NONE,F,OTHER,UNSET, 120 V/1-100 VA,1,UNSET,4,Unit B Panelboard,0,0.000000,Glass - Frosted,0,OTHER,1,100,3,WALL,0,D5020220,0.656168,0.656168,Lighting - Dwelling Unit,1291.669250,R-30,Lighting - Incandescent,6.233596,1076.391042,,,,,,,,,,,,,,,,,,,,,,,,,,,,,,,,,,,,,,,,,,,,,,,,,,,,,,,,,,,,,,,,,,,,,,,,,,,,,,,,,,,,,,,,,,,,,,,,,,,,,,,,,,,,,,,,,,,,,,,,,,,,,,,,,,,,,,,,,,,,,,,,,,
32973,Level 1,,N/A,N/A,575380,New Construction,N/A,,N/A,FIXED,N/A,,50926,,,32972,32967,150W - 120V,N/A,51031,"33053,33057,33061,33065,33069,33073,33077,33081,51063,51127,51129,51131,51133,51135,51137,51139,51141",20,1K7eM1Qof1dOc9$mY9I4Cs,N/A,61,N/A,M_Pendant Light - Hemisphere:150W - 120V:150W - 120V:575380,,N/A,32973,N/A,NEW,Orphaned,N/A,N/A,N/A,N/A,N/A,N/A,N/A,7,1,TRUE,60,120,N/A,N/A,N/A,N/A,N/A,N/A,5601,54,N/A,"General Luminaries, Non Directional",N/A,N/A,,L1,N/A,0.28,NOTKNOWN,N/A,N/A,23.80.70.11.11,5601,Kandelite Co.,0,0,0,0,Point+Spherical,Type B,0,UNSET,16777215,NONE,F,OTHER,UNSET, 120 V/1-150 VA,1,UNSET,4,Unit A Panelboard,0,0.000000,,0,SUSPENDED,1,60,3,CEILING,0,D5020220,,0.246063,Lighting - Dwelling Unit,1291.669250,A-21,Lighting - Incandescent,3.937008,1614.586563,Metal - Chrome,2.214567,Glass - Frosted,,,,,,,,,,,,,,,,,,,,,,,,,,,,,,,,,,,,,,,,,,,,,,,,,,,,,,,,,,,,,,,,,,,,,,,,,,,,,,,,,,,,,,,,,,,,,,,,,,,,,,,,,,,,,,,,,,,,,,,,,,,,,,,,,,,,,,,,,,,,,,,
33110,Level 1,,N/A,N/A,575382,New Construction,N/A,,N/A,FIXED,N/A,,50926,,,33109,33104,150W - 120V,N/A,51033,"33132,33136,33140,33144,33148,33152,33156,33160,51063,51127,51129,51131,51133,51135,51137,51139,51141",20,1K7eM1Qof1dOc9$mY9I4Cq,N/A,61,N/A,M_Pendant Light - Hemisphere:150W - 120V:150W - 120V:575382,,N/A,33110,N/A,NEW,Orphaned,N/A,N/A,N/A,N/A,N/A,N/A,N/A,8,1,TRUE,60,120,N/A,N/A,N/A,N/A,N/A,N/A,5601,54,N/A,"General Luminaries, Non Directional",N/A,N/A,,L1,N/A,0.28,NOTKNOWN,N/A,N/A,23.80.70.11.11,5601,Kandelite Co.,0,0,0,0,Point+Spherical,Type B,0,UNSET,16777215,NONE,F,OTHER,UNSET, 120 V/1-150 VA,1,UNSET,1,Unit B Panelboard,0,0.000000,,0,SUSPENDED,1,60,3,CEILING,0,D5020220,,0.246063,Lighting - Dwelling Unit,1291.669250,A-21,Lighting - Incandescent,3.937008,1614.586563,Metal - Chrome,2.214567,Glass - Frosted,,,,,,,,,,,,,,,,,,,,,,,,,,,,,,,,,,,,,,,,,,,,,,,,,,,,,,,,,,,,,,,,,,,,,,,,,,,,,,,,,,,,,,,,,,,,,,,,,,,,,,,,,,,,,,,,,,,,,,,,,,,,,,,,,,,,,,,,,,,,,,,
34958,Level 1,,N/A,N/A,575441,New Construction,N/A,,N/A,FIXED,N/A,,50926,,,34957,34952,Duplex Receptacle,N/A,,"34975,34979,34983,34987,34991,34995,34999,51067,51153,51155,51157,51159",15,1K7eM1Qof1dOc9$mY9I4Dp,N/A,61,N/A,M_Duplex Receptacle:Duplex Receptacle:Duplex Receptacle:575441,,N/A,34958,N/A,NEW,Orphaned,N/A,N/A,N/A,N/A,N/A,N/A,N/A,35,1,TRUE,60,125,N/A,N/A,N/A,N/A,N/A,N/A,5262BLK,52,N/A,Ground Fault Receptacles,N/A,N/A,,L1,N/A,0.80,NOTKNOWN,N/A,N/A,23.80.50.11.17,5262BLK,Legrand; Pass & Seymour,,,,,,Type D,,,,,,,, 120 V/1-180 VA,,,2,Unit B Panelboard,,0.000000,,,,,,,,,,,,Receptacle,,,,1.509186,,,,,0.000000,TRUE,1937.503875,1291.669250,,,,,,,,,,,,,,,,,,,,,,,,,,,,,,,,,,,,,,,,,,,,,,,,,,,,,,,,,,,,,,,,,,,,,,,,,,,,,,,,,,,,,,,,,,,,,,,,,,,,,,,,,,,,,,,,,,,,,,,,,,,,,,,,,,,,,,,,,,,
35010,Level 1,,N/A,N/A,575442,New Construction,N/A,,N/A,FIXED,N/A,,50926,,,35009,35004,Duplex Receptacle,N/A,,"35027,35031,35035,35039,35043,35047,35051,51067,51153,51155,51157,51159",15,1K7eM1Qof1dOc9$mY9I4Dm,N/A,61,N/A,M_Duplex Receptacle:Duplex Receptacle:Duplex Receptacle:575442,,N/A,35010,N/A,NEW,Orphaned,N/A,N/A,N/A,N/A,N/A,N/A,N/A,36,1,TRUE,60,125,N/A,N/A,N/A,N/A,N/A,N/A,5262BLK,52,N/A,Ground Fault Receptacles,N/A,N/A,,L1,N/A,0.80,NOTKNOWN,N/A,N/A,23.80.50.11.17,5262BLK,Legrand; Pass & Seymour,,,,,,Type D,,,,,,,, 120 V/1-180 VA,,,1,Unit B Panelboard,,0.000000,,,,,,,,,,,,Receptacle,,,,1.509186,,,,,0.000000,TRUE,1937.503875,1291.669250,,,,,,,,,,,,,,,,,,,,,,,,,,,,,,,,,,,,,,,,,,,,,,,,,,,,,,,,,,,,,,,,,,,,,,,,,,,,,,,,,,,,,,,,,,,,,,,,,,,,,,,,,,,,,,,,,,,,,,,,,,,,,,,,,,,,,,,,,,,
35062,Level 1,,N/A,N/A,575444,New Construction,N/A,,N/A,FIXED,N/A,,50926,,,35061,35056,Duplex Receptacle,N/A,,"35079,35083,35087,35091,35095,35099,35103,51067,51153,51155,51157,51159",15,1K7eM1Qof1dOc9$mY9I4Ds,N/A,61,N/A,M_Duplex Receptacle:Duplex Receptacle:Duplex Receptacle:575444,,N/A,35062,N/A,NEW,Orphaned,N/A,N/A,N/A,N/A,N/A,N/A,N/A,37,1,TRUE,60,125,N/A,N/A,N/A,N/A,N/A,N/A,5262BLK,52,N/A,Ground Fault Receptacles,N/A,N/A,,L1,N/A,0.80,NOTKNOWN,N/A,N/A,23.80.50.11.17,5262BLK,Legrand; Pass & Seymour,,,,,,Type D,,,,,,,, 120 V/1-180 VA,,,1,Unit B Panelboard,,0.000000,,,,,,,,,,,,Receptacle,,,,1.509186,,,,,0.000000,TRUE,1937.503875,1291.669250,,,,,,,,,,,,,,,,,,,,,,,,,,,,,,,,,,,,,,,,,,,,,,,,,,,,,,,,,,,,,,,,,,,,,,,,,,,,,,,,,,,,,,,,,,,,,,,,,,,,,,,,,,,,,,,,,,,,,,,,,,,,,,,,,,,,,,,,,,,
35114,Level 1,,N/A,N/A,575445,New Construction,N/A,,N/A,FIXED,N/A,,50926,,,35113,35108,Duplex Receptacle,N/A,,"35131,35135,35139,35143,35147,35151,35155,51067,51153,51155,51157,51159",15,1K7eM1Qof1dOc9$mY9I4Dt,N/A,61,N/A,M_Duplex Receptacle:Duplex Receptacle:Duplex Receptacle:575445,,N/A,35114,N/A,NEW,Orphaned,N/A,N/A,N/A,N/A,N/A,N/A,N/A,38,1,TRUE,60,125,N/A,N/A,N/A,N/A,N/A,N/A,5262BLK,52,N/A,Ground Fault Receptacles,N/A,N/A,,L1,N/A,0.80,NOTKNOWN,N/A,N/A,23.80.50.11.17,5262BLK,Legrand; Pass & Seymour,,,,,,Type D,,,,,,,, 120 V/1-180 VA,,,1,Unit B Panelboard,,0.000000,,,,,,,,,,,,Receptacle,,,,1.509186,,,,,0.000000,TRUE,1937.503875,1291.669250,,,,,,,,,,,,,,,,,,,,,,,,,,,,,,,,,,,,,,,,,,,,,,,,,,,,,,,,,,,,,,,,,,,,,,,,,,,,,,,,,,,,,,,,,,,,,,,,,,,,,,,,,,,,,,,,,,,,,,,,,,,,,,,,,,,,,,,,,,,
35166,Level 1,,N/A,N/A,575446,New Construction,N/A,,N/A,FIXED,N/A,,50926,,,35165,35160,Duplex Receptacle,N/A,,"35183,35187,35191,35195,35199,35203,35207,51067,51153,51155,51157,51159",15,1K7eM1Qof1dOc9$mY9I4Dq,N/A,61,N/A,M_Duplex Receptacle:Duplex Receptacle:Duplex Receptacle:575446,,N/A,35166,N/A,NEW,Orphaned,N/A,N/A,N/A,N/A,N/A,N/A,N/A,39,1,TRUE,60,125,N/A,N/A,N/A,N/A,N/A,N/A,5262BLK,52,N/A,Ground Fault Receptacles,N/A,N/A,,L1,N/A,0.80,NOTKNOWN,N/A,N/A,23.80.50.11.17,5262BLK,Legrand; Pass & Seymour,,,,,,Type D,,,,,,,, 120 V/1-180 VA,,,4,Unit B Panelboard,,0.000000,,,,,,,,,,,,Receptacle,,,,1.509186,,,,,0.000000,TRUE,1937.503875,1291.669250,,,,,,,,,,,,,,,,,,,,,,,,,,,,,,,,,,,,,,,,,,,,,,,,,,,,,,,,,,,,,,,,,,,,,,,,,,,,,,,,,,,,,,,,,,,,,,,,,,,,,,,,,,,,,,,,,,,,,,,,,,,,,,,,,,,,,,,,,,,
35218,Level 1,,N/A,N/A,575448,New Construction,N/A,,N/A,FIXED,N/A,,50926,,,35217,35212,Duplex Receptacle,N/A,,"35235,35239,35243,35247,35251,35255,35259,51067,51153,51155,51157,51159",15,1K7eM1Qof1dOc9$mY9I4Dw,N/A,61,N/A,M_Duplex Receptacle:Duplex Receptacle:Duplex Receptacle:575448,,N/A,35218,N/A,NEW,Orphaned,N/A,N/A,N/A,N/A,N/A,N/A,N/A,40,1,TRUE,60,125,N/A,N/A,N/A,N/A,N/A,N/A,5262BLK,52,N/A,Ground Fault Receptacles,N/A,N/A,,L1,N/A,0.80,NOTKNOWN,N/A,N/A,23.80.50.11.17,5262BLK,Legrand; Pass & Seymour,,,,,,Type D,,,,,,,, 120 V/1-180 VA,,,4,Unit B Panelboard,,0.000000,,,,,,,,,,,,Receptacle,,,,1.509186,,,,,0.000000,TRUE,1937.503875,1291.669250,,,,,,,,,,,,,,,,,,,,,,,,,,,,,,,,,,,,,,,,,,,,,,,,,,,,,,,,,,,,,,,,,,,,,,,,,,,,,,,,,,,,,,,,,,,,,,,,,,,,,,,,,,,,,,,,,,,,,,,,,,,,,,,,,,,,,,,,,,,
35270,Level 1,,N/A,N/A,575449,New Construction,N/A,,N/A,FIXED,N/A,,50926,,,35269,35264,Duplex Receptacle,N/A,,"35287,35291,35295,35299,35303,35307,35311,51067,51153,51155,51157,51159",15,1K7eM1Qof1dOc9$mY9I4Dx,N/A,61,N/A,M_Duplex Receptacle:Duplex Receptacle:Duplex Receptacle:575449,,N/A,35270,N/A,NEW,Orphaned,N/A,N/A,N/A,N/A,N/A,N/A,N/A,41,1,TRUE,60,125,N/A,N/A,N/A,N/A,N/A,N/A,5262BLK,52,N/A,Ground Fault Receptacles,N/A,N/A,,L1,N/A,0.80,NOTKNOWN,N/A,N/A,23.80.50.11.17,5262BLK,Legrand; Pass & Seymour,,,,,,Type D,,,,,,,, 120 V/1-180 VA,,,3,Unit B Panelboard,,0.000000,,,,,,,,,,,,Receptacle,,,,1.509186,,,,,0.000000,TRUE,1937.503875,1291.669250,,,,,,,,,,,,,,,,,,,,,,,,,,,,,,,,,,,,,,,,,,,,,,,,,,,,,,,,,,,,,,,,,,,,,,,,,,,,,,,,,,,,,,,,,,,,,,,,,,,,,,,,,,,,,,,,,,,,,,,,,,,,,,,,,,,,,,,,,,,
35322,Level 1,,N/A,N/A,575451,New Construction,N/A,,N/A,FIXED,N/A,,50926,,,35321,35316,Duplex Receptacle,N/A,,"35339,35343,35347,35351,35355,35359,35363,51067,51153,51155,51157,51159",15,1K7eM1Qof1dOc9$mY9I4Dv,N/A,61,N/A,M_Duplex Receptacle:Duplex Receptacle:Duplex Receptacle:575451,,N/A,35322,N/A,NEW,Orphaned,N/A,N/A,N/A,N/A,N/A,N/A,N/A,43,1,TRUE,60,125,N/A,N/A,N/A,N/A,N/A,N/A,5262BLK,52,N/A,Ground Fault Receptacles,N/A,N/A,,L1,N/A,0.80,NOTKNOWN,N/A,N/A,23.80.50.11.17,5262BLK,Legrand; Pass & Seymour,,,,,,Type D,,,,,,,, 120 V/1-180 VA,,,3,Unit B Panelboard,,0.000000,,,,,,,,,,,,Receptacle,,,,1.509186,,,,,0.000000,TRUE,1937.503875,1291.669250,,,,,,,,,,,,,,,,,,,,,,,,,,,,,,,,,,,,,,,,,,,,,,,,,,,,,,,,,,,,,,,,,,,,,,,,,,,,,,,,,,,,,,,,,,,,,,,,,,,,,,,,,,,,,,,,,,,,,,,,,,,,,,,,,,,,,,,,,,,
35374,Level 1,,N/A,N/A,575454,New Construction,N/A,,N/A,FIXED,N/A,,50926,,,35373,35368,Duplex Receptacle,N/A,,"35391,35395,35399,35403,35407,35411,35415,51067,51153,51155,51157,51159",15,1K7eM1Qof1dOc9$mY9I4Dy,N/A,61,N/A,M_Duplex Receptacle:Duplex Receptacle:Duplex Receptacle:575454,,N/A,35374,N/A,NEW,Orphaned,N/A,N/A,N/A,N/A,N/A,N/A,N/A,45,1,TRUE,60,125,N/A,N/A,N/A,N/A,N/A,N/A,5262BLK,52,N/A,Ground Fault Receptacles,N/A,N/A,,L1,N/A,0.80,NOTKNOWN,N/A,N/A,23.80.50.11.17,5262BLK,Legrand; Pass & Seymour,,,,,,Type D,,,,,,,, 120 V/1-180 VA,,,1,Unit A Panelboard,,0.000000,,,,,,,,,,,,Receptacle,,,,1.509186,,,,,0.000000,TRUE,1937.503875,1291.669250,,,,,,,,,,,,,,,,,,,,,,,,,,,,,,,,,,,,,,,,,,,,,,,,,,,,,,,,,,,,,,,,,,,,,,,,,,,,,,,,,,,,,,,,,,,,,,,,,,,,,,,,,,,,,,,,,,,,,,,,,,,,,,,,,,,,,,,,,,,
35426,Level 1,,N/A,N/A,575456,New Construction,N/A,,N/A,FIXED,N/A,,50926,,,35425,35420,Duplex Receptacle,N/A,,"35443,35447,35451,35455,35459,35463,35467,51067,51153,51155,51157,51159",15,1K7eM1Qof1dOc9$mY9I4D2,N/A,61,N/A,M_Duplex Receptacle:Duplex Receptacle:Duplex Receptacle:575456,,N/A,35426,N/A,NEW,Orphaned,N/A,N/A,N/A,N/A,N/A,N/A,N/A,47,1,TRUE,60,125,N/A,N/A,N/A,N/A,N/A,N/A,5262BLK,52,N/A,Ground Fault Receptacles,N/A,N/A,,L1,N/A,0.80,NOTKNOWN,N/A,N/A,23.80.50.11.17,5262BLK,Legrand; Pass & Seymour,,,,,,Type D,,,,,,,, 120 V/1-180 VA,,,1,Unit A Panelboard,,0.000000,,,,,,,,,,,,Receptacle,,,,1.509186,,,,,0.000000,TRUE,1937.503875,1291.669250,,,,,,,,,,,,,,,,,,,,,,,,,,,,,,,,,,,,,,,,,,,,,,,,,,,,,,,,,,,,,,,,,,,,,,,,,,,,,,,,,,,,,,,,,,,,,,,,,,,,,,,,,,,,,,,,,,,,,,,,,,,,,,,,,,,,,,,,,,,
35478,Level 1,,N/A,N/A,575460,New Construction,N/A,,N/A,FIXED,N/A,,50926,,,35477,35472,Duplex Receptacle,N/A,,"35495,35499,35503,35507,35511,35515,35519,51067,51153,51155,51157,51159",15,1K7eM1Qof1dOc9$mY9I4D6,N/A,61,N/A,M_Duplex Receptacle:Duplex Receptacle:Duplex Receptacle:575460,,N/A,35478,N/A,NEW,Orphaned,N/A,N/A,N/A,N/A,N/A,N/A,N/A,49,1,TRUE,60,125,N/A,N/A,N/A,N/A,N/A,N/A,5262BLK,52,N/A,Ground Fault Receptacles,N/A,N/A,,L1,N/A,0.80,NOTKNOWN,N/A,N/A,23.80.50.11.17,5262BLK,Legrand; Pass & Seymour,,,,,,Type D,,,,,,,, 120 V/1-180 VA,,,2,Unit B Panelboard,,0.000000,,,,,,,,,,,,Receptacle,,,,1.509186,,,,,0.000000,TRUE,1937.503875,1291.669250,,,,,,,,,,,,,,,,,,,,,,,,,,,,,,,,,,,,,,,,,,,,,,,,,,,,,,,,,,,,,,,,,,,,,,,,,,,,,,,,,,,,,,,,,,,,,,,,,,,,,,,,,,,,,,,,,,,,,,,,,,,,,,,,,,,,,,,,,,,
35530,Level 1,,N/A,N/A,575462,New Construction,N/A,,N/A,FIXED,N/A,,50926,,,35529,35524,Duplex Receptacle,N/A,,"35547,35551,35555,35559,35563,35567,35571,51067,51153,51155,51157,51159",15,1K7eM1Qof1dOc9$mY9I4D4,N/A,61,N/A,M_Duplex Receptacle:Duplex Receptacle:Duplex Receptacle:575462,,N/A,35530,N/A,NEW,Orphaned,N/A,N/A,N/A,N/A,N/A,N/A,N/A,50,1,TRUE,60,125,N/A,N/A,N/A,N/A,N/A,N/A,5262BLK,52,N/A,Ground Fault Receptacles,N/A,N/A,,L1,N/A,0.80,NOTKNOWN,N/A,N/A,23.80.50.11.17,5262BLK,Legrand; Pass & Seymour,,,,,,Type D,,,,,,,, 120 V/1-180 VA,,,2,Unit B Panelboard,,0.000000,,,,,,,,,,,,Receptacle,,,,1.509186,,,,,0.000000,TRUE,1937.503875,1291.669250,,,,,,,,,,,,,,,,,,,,,,,,,,,,,,,,,,,,,,,,,,,,,,,,,,,,,,,,,,,,,,,,,,,,,,,,,,,,,,,,,,,,,,,,,,,,,,,,,,,,,,,,,,,,,,,,,,,,,,,,,,,,,,,,,,,,,,,,,,,
35582,Level 1,,N/A,N/A,575464,New Construction,N/A,,N/A,FIXED,N/A,,50926,,,35581,35576,Duplex Receptacle,N/A,,"35599,35603,35607,35611,35615,35619,35623,51067,51153,51155,51157,51159",15,1K7eM1Qof1dOc9$mY9I4DA,N/A,61,N/A,M_Duplex Receptacle:Duplex Receptacle:Duplex Receptacle:575464,,N/A,35582,N/A,NEW,Orphaned,N/A,N/A,N/A,N/A,N/A,N/A,N/A,51,1,TRUE,60,125,N/A,N/A,N/A,N/A,N/A,N/A,5262BLK,52,N/A,Ground Fault Receptacles,N/A,N/A,,L1,N/A,0.80,NOTKNOWN,N/A,N/A,23.80.50.11.17,5262BLK,Legrand; Pass & Seymour,,,,,,Type D,,,,,,,, 120 V/1-180 VA,,,3,Unit A Panelboard,,0.000000,,,,,,,,,,,,Receptacle,,,,1.509186,,,,,0.000000,TRUE,1937.503875,1291.669250,,,,,,,,,,,,,,,,,,,,,,,,,,,,,,,,,,,,,,,,,,,,,,,,,,,,,,,,,,,,,,,,,,,,,,,,,,,,,,,,,,,,,,,,,,,,,,,,,,,,,,,,,,,,,,,,,,,,,,,,,,,,,,,,,,,,,,,,,,,
35634,Level 1,,N/A,N/A,575466,New Construction,N/A,,N/A,FIXED,N/A,,50926,,,35633,35628,Duplex Receptacle,N/A,,"35651,35655,35659,35663,35667,35671,35675,51067,51153,51155,51157,51159",15,1K7eM1Qof1dOc9$mY9I4D8,N/A,61,N/A,M_Duplex Receptacle:Duplex Receptacle:Duplex Receptacle:575466,,N/A,35634,N/A,NEW,Orphaned,N/A,N/A,N/A,N/A,N/A,N/A,N/A,52,1,TRUE,60,125,N/A,N/A,N/A,N/A,N/A,N/A,5262BLK,52,N/A,Ground Fault Receptacles,N/A,N/A,,L1,N/A,0.80,NOTKNOWN,N/A,N/A,23.80.50.11.17,5262BLK,Legrand; Pass & Seymour,,,,,,Type D,,,,,,,, 120 V/1-180 VA,,,3,Unit A Panelboard,,0.000000,,,,,,,,,,,,Receptacle,,,,1.509186,,,,,0.000000,TRUE,1937.503875,1291.669250,,,,,,,,,,,,,,,,,,,,,,,,,,,,,,,,,,,,,,,,,,,,,,,,,,,,,,,,,,,,,,,,,,,,,,,,,,,,,,,,,,,,,,,,,,,,,,,,,,,,,,,,,,,,,,,,,,,,,,,,,,,,,,,,,,,,,,,,,,,
35686,Level 1,,N/A,N/A,575468,New Construction,N/A,,N/A,FIXED,N/A,,50926,,,35685,35680,Duplex Receptacle,N/A,,"35703,35707,35711,35715,35719,35723,35727,51067,51153,51155,51157,51159",15,1K7eM1Qof1dOc9$mY9I4DE,N/A,61,N/A,M_Duplex Receptacle:Duplex Receptacle:Duplex Receptacle:575468,,N/A,35686,N/A,NEW,Orphaned,N/A,N/A,N/A,N/A,N/A,N/A,N/A,53,1,TRUE,60,125,N/A,N/A,N/A,N/A,N/A,N/A,5262BLK,52,N/A,Ground Fault Receptacles,N/A,N/A,,L1,N/A,0.80,NOTKNOWN,N/A,N/A,23.80.50.11.17,5262BLK,Legrand; Pass & Seymour,,,,,,Type D,,,,,,,, 120 V/1-180 VA,,,3,Unit A Panelboard,,0.000000,,,,,,,,,,,,Receptacle,,,,1.509186,,,,,0.000000,TRUE,1937.503875,1291.669250,,,,,,,,,,,,,,,,,,,,,,,,,,,,,,,,,,,,,,,,,,,,,,,,,,,,,,,,,,,,,,,,,,,,,,,,,,,,,,,,,,,,,,,,,,,,,,,,,,,,,,,,,,,,,,,,,,,,,,,,,,,,,,,,,,,,,,,,,,,
35738,Level 1,,N/A,N/A,575469,New Construction,N/A,,N/A,FIXED,N/A,,50926,,,35737,35732,Duplex Receptacle,N/A,,"35755,35759,35763,35767,35771,35775,35779,51067,51153,51155,51157,51159",15,1K7eM1Qof1dOc9$mY9I4DF,N/A,61,N/A,M_Duplex Receptacle:Duplex Receptacle:Duplex Receptacle:575469,,N/A,35738,N/A,NEW,Orphaned,N/A,N/A,N/A,N/A,N/A,N/A,N/A,54,1,TRUE,60,125,N/A,N/A,N/A,N/A,N/A,N/A,5262BLK,52,N/A,Ground Fault Receptacles,N/A,N/A,,L1,N/A,0.80,NOTKNOWN,N/A,N/A,23.80.50.11.17,5262BLK,Legrand; Pass & Seymour,,,,,,Type D,,,,,,,, 120 V/1-180 VA,,,4,Unit A Panelboard,,0.000000,,,,,,,,,,,,Receptacle,,,,1.509186,,,,,0.000000,TRUE,1937.503875,1291.669250,,,,,,,,,,,,,,,,,,,,,,,,,,,,,,,,,,,,,,,,,,,,,,,,,,,,,,,,,,,,,,,,,,,,,,,,,,,,,,,,,,,,,,,,,,,,,,,,,,,,,,,,,,,,,,,,,,,,,,,,,,,,,,,,,,,,,,,,,,,
35790,Level 1,,N/A,N/A,575470,New Construction,N/A,,N/A,FIXED,N/A,,50926,,,35789,35784,Duplex Receptacle,N/A,,"35807,35811,35815,35819,35823,35827,35831,51067,51153,51155,51157,51159",15,1K7eM1Qof1dOc9$mY9I4DC,N/A,61,N/A,M_Duplex Receptacle:Duplex Receptacle:Duplex Receptacle:575470,,N/A,35790,N/A,NEW,Orphaned,N/A,N/A,N/A,N/A,N/A,N/A,N/A,55,1,TRUE,60,125,N/A,N/A,N/A,N/A,N/A,N/A,5262BLK,52,N/A,Ground Fault Receptacles,N/A,N/A,,L1,N/A,0.80,NOTKNOWN,N/A,N/A,23.80.50.11.17,5262BLK,Legrand; Pass & Seymour,,,,,,Type D,,,,,,,, 120 V/1-180 VA,,,4,Unit A Panelboard,,0.000000,,,,,,,,,,,,Receptacle,,,,1.509186,,,,,0.000000,TRUE,1937.503875,1291.669250,,,,,,,,,,,,,,,,,,,,,,,,,,,,,,,,,,,,,,,,,,,,,,,,,,,,,,,,,,,,,,,,,,,,,,,,,,,,,,,,,,,,,,,,,,,,,,,,,,,,,,,,,,,,,,,,,,,,,,,,,,,,,,,,,,,,,,,,,,,
35842,Level 1,,N/A,N/A,575471,New Construction,N/A,,N/A,FIXED,N/A,,50926,,,35841,35836,Duplex Receptacle,N/A,,"35859,35863,35867,35871,35875,35879,35883,51067,51153,51155,51157,51159",15,1K7eM1Qof1dOc9$mY9I4DD,N/A,61,N/A,M_Duplex Receptacle:Duplex Receptacle:Duplex Receptacle:575471,,N/A,35842,N/A,NEW,Orphaned,N/A,N/A,N/A,N/A,N/A,N/A,N/A,56,1,TRUE,60,125,N/A,N/A,N/A,N/A,N/A,N/A,5262BLK,52,N/A,Ground Fault Receptacles,N/A,N/A,,L1,N/A,0.80,NOTKNOWN,N/A,N/A,23.80.50.11.17,5262BLK,Legrand; Pass & Seymour,,,,,,Type D,,,,,,,, 120 V/1-180 VA,,,4,Unit A Panelboard,,0.000000,,,,,,,,,,,,Receptacle,,,,1.509186,,,,,0.000000,TRUE,1937.503875,1291.669250,,,,,,,,,,,,,,,,,,,,,,,,,,,,,,,,,,,,,,,,,,,,,,,,,,,,,,,,,,,,,,,,,,,,,,,,,,,,,,,,,,,,,,,,,,,,,,,,,,,,,,,,,,,,,,,,,,,,,,,,,,,,,,,,,,,,,,,,,,,
35894,Level 1,,N/A,N/A,575473,New Construction,N/A,,N/A,FIXED,N/A,,50926,,,35893,35888,Duplex Receptacle,N/A,,"35911,35915,35919,35923,35927,35931,35935,51067,51153,51155,51157,51159",15,1K7eM1Qof1dOc9$mY9I4DJ,N/A,61,N/A,M_Duplex Receptacle:Duplex Receptacle:Duplex Receptacle:575473,,N/A,35894,N/A,NEW,Orphaned,N/A,N/A,N/A,N/A,N/A,N/A,N/A,57,1,TRUE,60,125,N/A,N/A,N/A,N/A,N/A,N/A,5262BLK,52,N/A,Ground Fault Receptacles,N/A,N/A,,L1,N/A,0.80,NOTKNOWN,N/A,N/A,23.80.50.11.17,5262BLK,Legrand; Pass & Seymour,,,,,,Type D,,,,,,,, 120 V/1-180 VA,,,2,Unit A Panelboard,,0.000000,,,,,,,,,,,,Receptacle,,,,1.509186,,,,,0.000000,TRUE,1937.503875,1291.669250,,,,,,,,,,,,,,,,,,,,,,,,,,,,,,,,,,,,,,,,,,,,,,,,,,,,,,,,,,,,,,,,,,,,,,,,,,,,,,,,,,,,,,,,,,,,,,,,,,,,,,,,,,,,,,,,,,,,,,,,,,,,,,,,,,,,,,,,,,,
35946,Level 1,,N/A,N/A,575475,New Construction,N/A,,N/A,FIXED,N/A,,50926,,,35945,35940,Duplex Receptacle,N/A,,"35963,35967,35971,35975,35979,35983,35987,51067,51153,51155,51157,51159",15,1K7eM1Qof1dOc9$mY9I4DH,N/A,61,N/A,M_Duplex Receptacle:Duplex Receptacle:Duplex Receptacle:575475,,N/A,35946,N/A,NEW,Orphaned,N/A,N/A,N/A,N/A,N/A,N/A,N/A,58,1,TRUE,60,125,N/A,N/A,N/A,N/A,N/A,N/A,5262BLK,52,N/A,Ground Fault Receptacles,N/A,N/A,,L1,N/A,0.80,NOTKNOWN,N/A,N/A,23.80.50.11.17,5262BLK,Legrand; Pass & Seymour,,,,,,Type D,,,,,,,, 120 V/1-180 VA,,,2,Unit A Panelboard,,0.000000,,,,,,,,,,,,Receptacle,,,,1.509186,,,,,0.000000,TRUE,1937.503875,1291.669250,,,,,,,,,,,,,,,,,,,,,,,,,,,,,,,,,,,,,,,,,,,,,,,,,,,,,,,,,,,,,,,,,,,,,,,,,,,,,,,,,,,,,,,,,,,,,,,,,,,,,,,,,,,,,,,,,,,,,,,,,,,,,,,,,,,,,,,,,,,
35998,Level 1,,N/A,N/A,575476,New Construction,N/A,,N/A,FIXED,N/A,,50926,,,35997,35992,Duplex Receptacle,N/A,,"36015,36019,36023,36027,36031,36035,36039,51067,51153,51155,51157,51159",15,1K7eM1Qof1dOc9$mY9I4DM,N/A,61,N/A,M_Duplex Receptacle:Duplex Receptacle:Duplex Receptacle:575476,,N/A,35998,N/A,NEW,Orphaned,N/A,N/A,N/A,N/A,N/A,N/A,N/A,59,1,TRUE,60,125,N/A,N/A,N/A,N/A,N/A,N/A,5262BLK,52,N/A,Ground Fault Receptacles,N/A,N/A,,L1,N/A,0.80,NOTKNOWN,N/A,N/A,23.80.50.11.17,5262BLK,Legrand; Pass & Seymour,,,,,,Type D,,,,,,,, 120 V/1-180 VA,,,2,Unit A Panelboard,,0.000000,,,,,,,,,,,,Receptacle,,,,1.509186,,,,,0.000000,TRUE,1937.503875,1291.669250,,,,,,,,,,,,,,,,,,,,,,,,,,,,,,,,,,,,,,,,,,,,,,,,,,,,,,,,,,,,,,,,,,,,,,,,,,,,,,,,,,,,,,,,,,,,,,,,,,,,,,,,,,,,,,,,,,,,,,,,,,,,,,,,,,,,,,,,,,,
36050,Level 1,,N/A,N/A,575477,New Construction,N/A,,N/A,FIXED,N/A,,50926,,,36049,36044,Duplex Receptacle,N/A,,"36067,36071,36075,36079,36083,36087,36091,51067,51153,51155,51157,51159",15,1K7eM1Qof1dOc9$mY9I4DN,N/A,61,N/A,M_Duplex Receptacle:Duplex Receptacle:Duplex Receptacle:575477,,N/A,36050,N/A,NEW,Orphaned,N/A,N/A,N/A,N/A,N/A,N/A,N/A,60,1,TRUE,60,125,N/A,N/A,N/A,N/A,N/A,N/A,5262BLK,52,N/A,Ground Fault Receptacles,N/A,N/A,,L1,N/A,0.80,NOTKNOWN,N/A,N/A,23.80.50.11.17,5262BLK,Legrand; Pass & Seymour,,,,,,Type D,,,,,,,, 120 V/1-180 VA,,,4,Unit B Panelboard,,0.000000,,,,,,,,,,,,Receptacle,,,,1.509186,,,,,0.000000,TRUE,1937.503875,1291.669250,,,,,,,,,,,,,,,,,,,,,,,,,,,,,,,,,,,,,,,,,,,,,,,,,,,,,,,,,,,,,,,,,,,,,,,,,,,,,,,,,,,,,,,,,,,,,,,,,,,,,,,,,,,,,,,,,,,,,,,,,,,,,,,,,,,,,,,,,,,
36102,Level 1,,N/A,N/A,575478,New Construction,N/A,,N/A,FIXED,N/A,,50926,,,36101,36096,Single Pole,N/A,,"36116,36120,36124,36128,36132,36136,51065,51143,51145,51147,51149,51151",20,1K7eM1Qof1dOc9$mY9I4DK,N/A,61,N/A,M_Lighting Switches:Single Pole:Single Pole:575478,,N/A,36102,N/A,,Orphaned,N/A,N/A,N/A,N/A,N/A,N/A,N/A,,1,TRUE,60,120,N/A,N/A,N/A,N/A,N/A,N/A,ABC,52,N/A,Switches,N/A,N/A,,L1,N/A,0.90,UNKNOWN,N/A,N/A,23.80.50.11.14,ABC,Hampton Bay,,,,,,,,,,,,,, 120 V/1-0 VA,,,2,Unit A Panelboard,,0.000000,,,,,,,,,,,,Other,,,,3.937008,0.000000,,,,0.000000,,,1291.669250,,,,,,,,,,,,,,,,,,,,,,,,,,,,,,,,,,,,,,,,,,,,,,,,,,,,,,,,,,,,,,,,,,,,,,,,,,,,,,,,,,,,,,,,,,,,,,,,,,,,,,,,,,,,,,,,,,,,,,,,,,,,,,,,,,,,,,,,,,,
36424,Level 1,,N/A,N/A,575483,New Construction,N/A,,N/A,FIXED,N/A,,50926,,,36423,36418,Single Pole,N/A,,"36438,36442,36446,36450,36454,36458,51065,51143,51145,51147,51149,51151",20,1K7eM1Qof1dOc9$mY9I4DP,N/A,61,N/A,M_Lighting Switches:Single Pole:Single Pole:575483,,N/A,36424,N/A,,Orphaned,N/A,N/A,N/A,N/A,N/A,N/A,N/A,,1,TRUE,60,120,N/A,N/A,N/A,N/A,N/A,N/A,ABC,52,N/A,Switches,N/A,N/A,,L1,N/A,0.90,UNKNOWN,N/A,N/A,23.80.50.11.14,ABC,Hampton Bay,,,,,,,,,,,,,, 120 V/1-0 VA,,,4,Unit A Panelboard,,0.000000,,,,,,,,,,,,Other,,,,3.937008,0.000000,,,,0.000000,,,1291.669250,,,,,,,,,,,,,,,,,,,,,,,,,,,,,,,,,,,,,,,,,,,,,,,,,,,,,,,,,,,,,,,,,,,,,,,,,,,,,,,,,,,,,,,,,,,,,,,,,,,,,,,,,,,,,,,,,,,,,,,,,,,,,,,,,,,,,,,,,,,
36469,Level 1,,N/A,N/A,575484,New Construction,N/A,,N/A,FIXED,N/A,,50926,,,36468,36463,Single Pole,N/A,,"36483,36487,36491,36495,36499,36503,51065,51143,51145,51147,51149,51151",20,1K7eM1Qof1dOc9$mY9I4DU,N/A,61,N/A,M_Lighting Switches:Single Pole:Single Pole:575484,,N/A,36469,N/A,,Orphaned,N/A,N/A,N/A,N/A,N/A,N/A,N/A,,1,TRUE,60,120,N/A,N/A,N/A,N/A,N/A,N/A,ABC,52,N/A,Switches,N/A,N/A,,L1,N/A,0.90,UNKNOWN,N/A,N/A,23.80.50.11.14,ABC,Hampton Bay,,,,,,,,,,,,,, 120 V/1-0 VA,,,1,Unit A Panelboard,,0.000000,,,,,,,,,,,,Other,,,,3.937008,0.000000,,,,0.000000,,,1291.669250,,,,,,,,,,,,,,,,,,,,,,,,,,,,,,,,,,,,,,,,,,,,,,,,,,,,,,,,,,,,,,,,,,,,,,,,,,,,,,,,,,,,,,,,,,,,,,,,,,,,,,,,,,,,,,,,,,,,,,,,,,,,,,,,,,,,,,,,,,,
36514,Level 1,,N/A,N/A,575485,New Construction,N/A,,N/A,FIXED,N/A,,50926,,,36513,36508,Single Pole,N/A,,"36528,36532,36536,36540,36544,36548,51065,51143,51145,51147,51149,51151",20,1K7eM1Qof1dOc9$mY9I4DV,N/A,61,N/A,M_Lighting Switches:Single Pole:Single Pole:575485,,N/A,36514,N/A,,Orphaned,N/A,N/A,N/A,N/A,N/A,N/A,N/A,,1,TRUE,60,120,N/A,N/A,N/A,N/A,N/A,N/A,ABC,52,N/A,Switches,N/A,N/A,,L1,N/A,0.90,UNKNOWN,N/A,N/A,23.80.50.11.14,ABC,Hampton Bay,,,,,,,,,,,,,, 120 V/1-0 VA,,,3,Unit B Panelboard,,0.000000,,,,,,,,,,,,Other,,,,3.937008,0.000000,,,,0.000000,,,1291.669250,,,,,,,,,,,,,,,,,,,,,,,,,,,,,,,,,,,,,,,,,,,,,,,,,,,,,,,,,,,,,,,,,,,,,,,,,,,,,,,,,,,,,,,,,,,,,,,,,,,,,,,,,,,,,,,,,,,,,,,,,,,,,,,,,,,,,,,,,,,
36559,Level 1,,N/A,N/A,575486,New Construction,N/A,,N/A,FIXED,N/A,,50926,,,36558,36553,Single Pole,N/A,,"36573,36577,36581,36585,36589,36593,51065,51143,51145,51147,51149,51151",20,1K7eM1Qof1dOc9$mY9I4DS,N/A,61,N/A,M_Lighting Switches:Single Pole:Single Pole:575486,,N/A,36559,N/A,,Orphaned,N/A,N/A,N/A,N/A,N/A,N/A,N/A,,1,TRUE,60,120,N/A,N/A,N/A,N/A,N/A,N/A,ABC,52,N/A,Switches,N/A,N/A,,L1,N/A,0.90,UNKNOWN,N/A,N/A,23.80.50.11.14,ABC,Hampton Bay,,,,,,,,,,,,,, 120 V/1-0 VA,,,1,Unit B Panelboard,,0.000000,,,,,,,,,,,,Other,,,,3.937008,0.000000,,,,0.000000,,,1291.669250,,,,,,,,,,,,,,,,,,,,,,,,,,,,,,,,,,,,,,,,,,,,,,,,,,,,,,,,,,,,,,,,,,,,,,,,,,,,,,,,,,,,,,,,,,,,,,,,,,,,,,,,,,,,,,,,,,,,,,,,,,,,,,,,,,,,,,,,,,,
36604,Level 1,,N/A,N/A,575487,New Construction,N/A,,N/A,FIXED,N/A,,50926,,,36603,36598,Single Pole,N/A,,"36618,36622,36626,36630,36634,36638,51065,51143,51145,51147,51149,51151",20,1K7eM1Qof1dOc9$mY9I4DT,N/A,61,N/A,M_Lighting Switches:Single Pole:Single Pole:575487,,N/A,36604,N/A,,Orphaned,N/A,N/A,N/A,N/A,N/A,N/A,N/A,,1,TRUE,60,120,N/A,N/A,N/A,N/A,N/A,N/A,ABC,52,N/A,Switches,N/A,N/A,,L1,N/A,0.90,UNKNOWN,N/A,N/A,23.80.50.11.14,ABC,Hampton Bay,,,,,,,,,,,,,, 120 V/1-0 VA,,,4,Unit B Panelboard,,0.000000,,,,,,,,,,,,Other,,,,3.937008,0.000000,,,,0.000000,,,1291.669250,,,,,,,,,,,,,,,,,,,,,,,,,,,,,,,,,,,,,,,,,,,,,,,,,,,,,,,,,,,,,,,,,,,,,,,,,,,,,,,,,,,,,,,,,,,,,,,,,,,,,,,,,,,,,,,,,,,,,,,,,,,,,,,,,,,,,,,,,,,
36649,Level 1,,N/A,N/A,575488,New Construction,N/A,,N/A,FIXED,N/A,,50926,,,36648,36643,100W - 120V,N/A,51029,"36671,36675,36679,36683,36687,36691,36695,36699,51061,51111,51113,51115,51117,51119,51121,51123,51125",20,1K7eM1Qof1dOc9$mY9I4oY,N/A,61,N/A,M_Sconce Light - Sphere:100W - 120V:100W - 120V:575488,,N/A,36649,N/A,NEW,M_Duplex Receptacle : Duplex Receptacle,N/A,N/A,N/A,N/A,N/A,N/A,N/A,15,1,TRUE,60,120,N/A,N/A,N/A,N/A,N/A,N/A,N/A,54,N/A,"General Luminaries, Non Directional",N/A,N/A,,L1,N/A,0.28,NOTKNOWN,N/A,N/A,23.80.70.11.11,Y32012-42,Hampton Bay,0,0,0,0,Point+HemiSpherical,Type A,0,UNSET,16777215,NONE,F,OTHER,UNSET, 120 V/1-100 VA,1,UNSET,1,Unit A Panelboard,0,0.000000,Glass - Frosted,0,OTHER,1,100,3,WALL,0,D5020220,0.656168,0.656168,Lighting - Dwelling Unit,1291.669250,R-30,Lighting - Incandescent,6.233596,1076.391042,,,,,,,,,,,,,,,,,,,,,,,,,,,,,,,,,,,,,,,,,,,,,,,,,,,,,,,,,,,,,,,,,,,,,,,,,,,,,,,,,,,,,,,,,,,,,,,,,,,,,,,,,,,,,,,,,,,,,,,,,,,,,,,,,,,,,,,,,,,,,,,,,,
36710,Level 1,,N/A,N/A,575490,New Construction,N/A,,N/A,FIXED,N/A,,50926,,,36709,36704,100W - 120V,N/A,51029,"36732,36736,36740,36744,36748,36752,36756,36760,51061,51111,51113,51115,51117,51119,51121,51123,51125",20,1K7eM1Qof1dOc9$mY9I4oW,N/A,61,N/A,M_Sconce Light - Sphere:100W - 120V:100W - 120V:575490,,N/A,36710,N/A,NEW,M_Duplex Receptacle : Duplex Receptacle,N/A,N/A,N/A,N/A,N/A,N/A,N/A,16,1,TRUE,60,120,N/A,N/A,N/A,N/A,N/A,N/A,N/A,54,N/A,"General Luminaries, Non Directional",N/A,N/A,,L1,N/A,0.28,NOTKNOWN,N/A,N/A,23.80.70.11.11,Y32012-42,Hampton Bay,0,0,0,0,Point+HemiSpherical,Type A,0,UNSET,16777215,NONE,F,OTHER,UNSET, 120 V/1-100 VA,1,UNSET,3,Unit B Panelboard,0,0.000000,Glass - Frosted,0,OTHER,1,100,3,WALL,0,D5020220,0.656168,0.656168,Lighting - Dwelling Unit,1291.669250,R-30,Lighting - Incandescent,6.233596,1076.391042,,,,,,,,,,,,,,,,,,,,,,,,,,,,,,,,,,,,,,,,,,,,,,,,,,,,,,,,,,,,,,,,,,,,,,,,,,,,,,,,,,,,,,,,,,,,,,,,,,,,,,,,,,,,,,,,,,,,,,,,,,,,,,,,,,,,,,,,,,,,,,,,,,
39138,Level 1,2.493438,N/A,N/A,575492,New Construction,N/A,F,N/A,FIXED,N/A,,50926,,Level: Level 1,39137,39132,760 x 650mm,N/A,51043,"39192,39196,39200,39204,39208,51071,51171,51173",60,1K7eM1Qof1dOc9$mY9I4oc,N/A,61,N/A,M_Range:760 x 650mm:760 x 650mm:575492,,N/A,39138,N/A,N/A,Level : Level 1,N/A,N/A,N/A,N/A,N/A,N/A,N/A,61,1,TRUE,60,240,N/A,N/A,N/A,N/A,N/A,N/A,FE710DRS,54,N/A,Ranges,N/A,N/A,2.132546,L1,N/A,0.26,NOTKNOWN,N/A,N/A,23.40.40.14.17.17,FE710DRS,SAMSUNG,,,,,,,,,,,,,,,,,,,,,,,,,,,,,,,,,,,,,,,,,,,,,"Metal - Painted Finish - Ivory, Matte",Metal - Chrome,,,,,,,,,,,,,,,,,,,,,,,,,,,,,,,,,,,,,,,,,,,,,,,,,,,,,,,,,,,,,,,,,,,,,,,,,,,,,,,,,,,,,,,,,,,,,,,,,,,,,,,,,,,,,,,,,,,,,,,,,,,,,,,,,,,,,,,,,
39246,Level 1,2.493438,N/A,N/A,575493,New Construction,N/A,F,N/A,FIXED,N/A,,50926,,Level: Level 1,39245,39240,760 x 650mm,N/A,51045,"39258,39262,39266,39270,39274,51071,51171,51173",60,1K7eM1Qof1dOc9$mY9I4od,N/A,61,N/A,M_Range:760 x 650mm:760 x 650mm:575493,,N/A,39246,N/A,N/A,Level : Level 1,N/A,N/A,N/A,N/A,N/A,N/A,N/A,62,1,TRUE,60,240,N/A,N/A,N/A,N/A,N/A,N/A,FE710DRS,54,N/A,Ranges,N/A,N/A,2.132546,L1,N/A,0.26,NOTKNOWN,N/A,N/A,23.40.40.14.17.17,FE710DRS,SAMSUNG,,,,,,,,,,,,,,,,,,,,,,,,,,,,,,,,,,,,,,,,,,,,,"Metal - Painted Finish - Ivory, Matte",Metal - Chrome,,,,,,,,,,,,,,,,,,,,,,,,,,,,,,,,,,,,,,,,,,,,,,,,,,,,,,,,,,,,,,,,,,,,,,,,,,,,,,,,,,,,,,,,,,,,,,,,,,,,,,,,,,,,,,,,,,,,,,,,,,,,,,,,,,,,,,,,,
39287,Level 1,,N/A,N/A,575494,New Construction,N/A,,N/A,FIXED,N/A,,50926,,,39286,39281,Duplex Receptacle,N/A,,"39304,39308,39312,39316,39320,39324,39328,51067,51153,51155,51157,51159",15,1K7eM1Qof1dOc9$mY9I4oa,N/A,61,N/A,M_Duplex Receptacle:Duplex Receptacle:Duplex Receptacle:575494,,N/A,39287,N/A,NEW,Orphaned,N/A,N/A,N/A,N/A,N/A,N/A,N/A,63,1,TRUE,60,125,N/A,N/A,N/A,N/A,N/A,N/A,5262BLK,52,N/A,Ground Fault Receptacles,N/A,N/A,,L1,N/A,0.80,NOTKNOWN,N/A,N/A,23.80.50.11.17,5262BLK,Legrand; Pass & Seymour,,,,,,Type D,,,,,,,, 120 V/1-180 VA,,,2,Unit B Panelboard,,0.000000,,,,,,,,,,,,Receptacle,,,,1.509186,,,,,0.000000,TRUE,1937.503875,1291.669250,,,,,,,,,,,,,,,,,,,,,,,,,,,,,,,,,,,,,,,,,,,,,,,,,,,,,,,,,,,,,,,,,,,,,,,,,,,,,,,,,,,,,,,,,,,,,,,,,,,,,,,,,,,,,,,,,,,,,,,,,,,,,,,,,,,,,,,,,,,
39339,Level 1,,N/A,N/A,575495,New Construction,N/A,,N/A,FIXED,N/A,,50926,,,39338,39333,Duplex Receptacle,N/A,,"39356,39360,39364,39368,39372,39376,39380,51067,51153,51155,51157,51159",15,1K7eM1Qof1dOc9$mY9I4ob,N/A,61,N/A,M_Duplex Receptacle:Duplex Receptacle:Duplex Receptacle:575495,,N/A,39339,N/A,NEW,Orphaned,N/A,N/A,N/A,N/A,N/A,N/A,N/A,64,1,TRUE,60,125,N/A,N/A,N/A,N/A,N/A,N/A,5262BLK,52,N/A,Ground Fault Receptacles,N/A,N/A,,L1,N/A,0.80,NOTKNOWN,N/A,N/A,23.80.50.11.17,5262BLK,Legrand; Pass & Seymour,,,,,,Type D,,,,,,,, 120 V/1-180 VA,,,3,Unit A Panelboard,,0.000000,,,,,,,,,,,,Receptacle,,,,1.509186,,,,,0.000000,TRUE,1937.503875,1291.669250,,,,,,,,,,,,,,,,,,,,,,,,,,,,,,,,,,,,,,,,,,,,,,,,,,,,,,,,,,,,,,,,,,,,,,,,,,,,,,,,,,,,,,,,,,,,,,,,,,,,,,,,,,,,,,,,,,,,,,,,,,,,,,,,,,,,,,,,,,,
46948,Level 1,,N/A,N/A,606293,New Construction,N/A,,N/A,FIXED,N/A,,50926,,,46947,46942,Duplex Receptacle,N/A,,"46965,46969,46973,46977,46981,46985,46989,51067,51153,51155,51157,51159",15,3ffkyt4A92pAkW8PI4iuU$,N/A,61,N/A,M_Duplex Receptacle:Duplex Receptacle:Duplex Receptacle:606293,,N/A,46948,N/A,NEW,<not associated>,N/A,N/A,N/A,N/A,N/A,N/A,N/A,3,1,TRUE,60,125,N/A,N/A,N/A,N/A,N/A,N/A,5262BLK,52,N/A,Ground Fault Receptacles,N/A,N/A,,L1,N/A,0.80,NOTKNOWN,N/A,N/A,23.80.50.11.17,5262BLK,Legrand; Pass & Seymour,,,,,,Type D,,,,,,,, 120 V/1-180 VA,,,3,Unit A Panelboard,,0.000000,,,,,,,,,,,,Receptacle,,,,1.509186,,,,,0.000000,TRUE,1937.503875,1291.669250,,,,,,,,,,,,,,,,,,,,,,,,,,,,,,,,,,,,,,,,,,,,,,,,,,,,,,,,,,,,,,,,,,,,,,,,,,,,,,,,,,,,,,,,,,,,,,,,,,,,,,,,,,,,,,,,,,,,,,,,,,,,,,,,,,,,,,,,,,,
47000,Level 1,,N/A,N/A,606323,New Construction,N/A,,N/A,FIXED,N/A,,50926,,,46999,46994,Duplex Receptacle,N/A,,"47017,47021,47025,47029,47033,47037,47041,51067,51153,51155,51157,51159",15,3ffkyt4A92pAkW8PI4iuUP,N/A,61,N/A,M_Duplex Receptacle:Duplex Receptacle:Duplex Receptacle:606323,,N/A,47000,N/A,NEW,<not associated>,N/A,N/A,N/A,N/A,N/A,N/A,N/A,4,1,TRUE,60,125,N/A,N/A,N/A,N/A,N/A,N/A,5262BLK,52,N/A,Ground Fault Receptacles,N/A,N/A,,L1,N/A,0.80,NOTKNOWN,N/A,N/A,23.80.50.11.17,5262BLK,Legrand; Pass & Seymour,,,,,,Type D,,,,,,,, 120 V/1-180 VA,,,2,Unit B Panelboard,,0.000000,,,,,,,,,,,,Receptacle,,,,1.509186,,,,,0.000000,TRUE,1937.503875,1291.669250,,,,,,,,,,,,,,,,,,,,,,,,,,,,,,,,,,,,,,,,,,,,,,,,,,,,,,,,,,,,,,,,,,,,,,,,,,,,,,,,,,,,,,,,,,,,,,,,,,,,,,,,,,,,,,,,,,,,,,,,,,,,,,,,,,,,,,,,,,,
50364,Level 1,2.493438,N/A,N/A,615600,New Construction,N/A,,N/A,FIXED,N/A,1.476378,50926,,Level: Level 1,50363,50358,760 x 400 x 450mm,N/A,51051,"50419,50423,50427,50431,50435,51081,51211,51213,51215,51217",30,0BXZ22CoT4Qw2YCiUW32ZC,N/A,61,N/A,M_Microwave:760 x 400 x 450mm:760 x 400 x 450mm:615600,,N/A,50364,N/A,N/A,Level : Level 1,N/A,N/A,N/A,N/A,N/A,N/A,N/A,7,1,TRUE,60,120,N/A,N/A,N/A,N/A,N/A,N/A,KBMS1454S,54,N/A,Food Cooking Equipment,N/A,N/A,1.312336,L1,N/A,0.28,NOTKNOWN,N/A,N/A,23.40.40.14.17,KBMS1454S,SAMSUNG,,,,,,,,,,,,,,,,,,,,,,,,,,,,,,,,,,,,,,,,,2.085302,,,,,,,,,,,,,,,,,,,,,,,,,,,,,,,,,,,,,,,,,,,,,,,,,,,,,,,,,,,,,,,,,,,,,,,,,,,,,,,,,,,,,,,,,,,,,,,,,,,,,,,,,,,,,,,,,,,,,,,,,,,,,,,,,,,,,,,,,,,,,,
50468,Level 1,2.493438,N/A,N/A,615603,New Construction,N/A,,N/A,FIXED,N/A,1.476378,50926,,Level: Level 1,50467,50462,760 x 400 x 450mm,N/A,51053,"50481,50485,50489,50493,50497,51081,51211,51213,51215,51217",30,0BXZ22CoT4Qw2YCiUW32ZF,N/A,61,N/A,M_Microwave:760 x 400 x 450mm:760 x 400 x 450mm:615603,,N/A,50468,N/A,N/A,Level : Level 1,N/A,N/A,N/A,N/A,N/A,N/A,N/A,8,1,TRUE,60,120,N/A,N/A,N/A,N/A,N/A,N/A,KBMS1454S,54,N/A,Food Cooking Equipment,N/A,N/A,1.312336,L1,N/A,0.28,NOTKNOWN,N/A,N/A,23.40.40.14.17,KBMS1454S,SAMSUNG,,,,,,,,,,,,,,,,,,,,,,,,,,,,,,,,,,,,,,,,,2.085302,,,,,,,,,,,,,,,,,,,,,,,,,,,,,,,,,,,,,,,,,,,,,,,,,,,,,,,,,,,,,,,,,,,,,,,,,,,,,,,,,,,,,,,,,,,,,,,,,,,,,,,,,,,,,,,,,,,,,,,,,,,,,,,,,,,,,,,,,,,,,,
50510,Level 1,,N/A,N/A,615696,New Construction,N/A,,N/A,FIXED,N/A,,50926,,,50509,50504,Duplex Receptacle,N/A,,"50528,50532,50536,50540,50544,50548,50552,51067,51153,51155,51157,51159",15,3kSHn3rCT2Mgjzvy7hm5ie,N/A,61,N/A,M_Duplex Receptacle:Duplex Receptacle:Duplex Receptacle:615696,,N/A,50510,N/A,NEW,Linked Revit Model : Duplex_A_2013.rvt,N/A,N/A,N/A,N/A,N/A,N/A,N/A,14,1,TRUE,60,125,N/A,N/A,N/A,N/A,N/A,N/A,5262BLK,52,N/A,Ground Fault Receptacles,N/A,N/A,,L1,N/A,0.80,NOTKNOWN,N/A,N/A,23.80.50.11.17,5262BLK,Legrand; Pass & Seymour,,,,,,Type D,,,,,,,, 120 V/1-180 VA,,,3,Unit A Panelboard,,5.577428,,,,,,,,,,,,Receptacle,,,,1.509186,,,,,0.000000,TRUE,1937.503875,1291.669250,,,Level: Level 1,,,,,,,,,,,,,,,,,,,,,,,,,,,,,,,,,,,,,,,,,,,,,,,,,,,,,,,,,,,,,,,,,,,,,,,,,,,,,,,,,,,,,,,,,,,,,,,,,,,,,,,,,,,,,,,,,,,,,,,,,,,,,,,,,,,,,,,,
50563,Level 1,,N/A,N/A,615756,New Construction,N/A,,N/A,FIXED,N/A,,50926,,,50562,50557,Duplex Receptacle,N/A,,"50581,50585,50589,50593,50597,50601,50605,51067,51153,51155,51157,51159",15,3kSHn3rCT2Mgjzvy7hm5jq,N/A,61,N/A,M_Duplex Receptacle:Duplex Receptacle:Duplex Receptacle:615756,,N/A,50563,N/A,NEW,Linked Revit Model : Duplex_A_2013.rvt,N/A,N/A,N/A,N/A,N/A,N/A,N/A,15,1,TRUE,60,125,N/A,N/A,N/A,N/A,N/A,N/A,5262BLK,52,N/A,Ground Fault Receptacles,N/A,N/A,,L1,N/A,0.80,NOTKNOWN,N/A,N/A,23.80.50.11.17,5262BLK,Legrand; Pass & Seymour,,,,,,Type D,,,,,,,, 120 V/1-180 VA,,,2,Unit B Panelboard,,5.577428,,,,,,,,,,,,Receptacle,,,,1.509186,,,,,0.000000,TRUE,1937.503875,1291.669250,,,Level: Level 1,,,,,,,,,,,,,,,,,,,,,,,,,,,,,,,,,,,,,,,,,,,,,,,,,,,,,,,,,,,,,,,,,,,,,,,,,,,,,,,,,,,,,,,,,,,,,,,,,,,,,,,,,,,,,,,,,,,,,,,,,,,,,,,,,,,,,,,,
50789,Level 1,0.984252,N/A,N/A,618690,New Construction,N/A,,N/A,FIXED,N/A,0.984252,50926,,,50788,50783,TTB 300x300,N/A,,"50851,50855,50859,50863,50867,50871,50875,51085,51227,51229,51231,51233",240,1X2juAWRHAZx7O3Qb7iaeb,N/A,61,N/A,M_Telephone Terminal Board:TTB 300x300:TTB1:618690,,N/A,50789,N/A,NEW,Linked Revit Model : Duplex_A_2013.rvt,N/A,N/A,N/A,N/A,N/A,N/A,N/A,2,1,FALSE,50-60,120,N/A,N/A,N/A,N/A,N/A,N/A,XYZ,54,N/A,Intercommunication Equipment,N/A,N/A,0.062336,L1,N/A,0.88,NOTKNOWN,N/A,N/A,23.85.50.14.21,XYZ,Terminal Block,,,,,,Type E,,,,,,,,,,,,,,3.937008,,,,,,,,,,,,,,,,3.937008,,,,,,,,,,,Level: Level 1,TTB1,0.492126,TRUE,FALSE,0.082021,0.492126,,,,,,,,,,,,,,,,,,,,,,,,,,,,,,,,,,,,,,,,,,,,,,,,,,,,,,,,,,,,,,,,,,,,,,,,,,,,,,,,,,,,,,,,,,,,,,,,,,,,,,,,,,,,,,,,,,,,,,,,,,,,,,,,,,
33173,Level 2,,N/A,N/A,575383,New Construction,N/A,,N/A,FIXED,N/A,,50948,,,33172,33167,150W - 120V,N/A,51035,"33195,33199,33203,33207,33211,33215,33219,33223,51063,51127,51129,51131,51133,51135,51137,51139,51141",20,1K7eM1Qof1dOc9$mY9I4Cr,N/A,61,N/A,M_Pendant Light - Hemisphere:150W - 120V:150W - 120V:575383,,N/A,33173,N/A,NEW,Orphaned,N/A,N/A,N/A,N/A,N/A,N/A,N/A,9,1,TRUE,60,120,N/A,N/A,N/A,N/A,N/A,N/A,5601,54,N/A,"General Luminaries, Non Directional",N/A,N/A,,L1,N/A,0.28,NOTKNOWN,N/A,N/A,23.80.70.11.11,5601,Kandelite Co.,0,0,0,0,Point+Spherical,Type B,0,UNSET,16777215,NONE,F,OTHER,UNSET, 120 V/1-150 VA,1,UNSET,8,Unit B Panelboard,0,0.000000,,0,SUSPENDED,1,60,3,CEILING,0,D5020220,,0.246063,Lighting - Dwelling Unit,1291.669250,A-21,Lighting - Incandescent,3.937008,1614.586563,Metal - Chrome,2.214567,Glass - Frosted,,,,,,,,,,,,,,,,,,,,,,,,,,,,,,,,,,,,,,,,,,,,,,,,,,,,,,,,,,,,,,,,,,,,,,,,,,,,,,,,,,,,,,,,,,,,,,,,,,,,,,,,,,,,,,,,,,,,,,,,,,,,,,,,,,,,,,,,,,,,,,,
33236,Level 2,,N/A,N/A,575385,New Construction,N/A,,N/A,FIXED,N/A,,50948,,,33235,33230,150W - 120V,N/A,51037,"33258,33262,33266,33270,33274,33278,33282,33286,51063,51127,51129,51131,51133,51135,51137,51139,51141",20,1K7eM1Qof1dOc9$mY9I4Cx,N/A,61,N/A,M_Pendant Light - Hemisphere:150W - 120V:150W - 120V:575385,,N/A,33236,N/A,NEW,Orphaned,N/A,N/A,N/A,N/A,N/A,N/A,N/A,10,1,TRUE,60,120,N/A,N/A,N/A,N/A,N/A,N/A,5601,54,N/A,"General Luminaries, Non Directional",N/A,N/A,,L1,N/A,0.28,NOTKNOWN,N/A,N/A,23.80.70.11.11,5601,Kandelite Co.,0,0,0,0,Point+Spherical,Type B,0,UNSET,16777215,NONE,F,OTHER,UNSET, 120 V/1-150 VA,1,UNSET,5,Unit A Panelboard,0,0.000000,,0,SUSPENDED,1,60,3,CEILING,0,D5020220,,0.246063,Lighting - Dwelling Unit,1291.669250,A-21,Lighting - Incandescent,3.937008,1614.586563,Metal - Chrome,2.214567,Glass - Frosted,,,,,,,,,,,,,,,,,,,,,,,,,,,,,,,,,,,,,,,,,,,,,,,,,,,,,,,,,,,,,,,,,,,,,,,,,,,,,,,,,,,,,,,,,,,,,,,,,,,,,,,,,,,,,,,,,,,,,,,,,,,,,,,,,,,,,,,,,,,,,,,
33299,Level 2,,N/A,N/A,575386,New Construction,N/A,,N/A,FIXED,N/A,,50948,,,33298,33293,150W - 120V,N/A,51039,"33321,33325,33329,33333,33337,33341,33345,33349,51063,51127,51129,51131,51133,51135,51137,51139,51141",20,1K7eM1Qof1dOc9$mY9I4Cu,N/A,61,N/A,M_Pendant Light - Hemisphere:150W - 120V:150W - 120V:575386,,N/A,33299,N/A,NEW,Orphaned,N/A,N/A,N/A,N/A,N/A,N/A,N/A,11,1,TRUE,60,120,N/A,N/A,N/A,N/A,N/A,N/A,5601,54,N/A,"General Luminaries, Non Directional",N/A,N/A,,L1,N/A,0.28,NOTKNOWN,N/A,N/A,23.80.70.11.11,5601,Kandelite Co.,0,0,0,0,Point+Spherical,Type B,0,UNSET,16777215,NONE,F,OTHER,UNSET, 120 V/1-150 VA,1,UNSET,7,Unit A Panelboard,0,0.000000,,0,SUSPENDED,1,60,3,CEILING,0,D5020220,,0.246063,Lighting - Dwelling Unit,1291.669250,A-21,Lighting - Incandescent,3.937008,1614.586563,Metal - Chrome,2.214567,Glass - Frosted,,,,,,,,,,,,,,,,,,,,,,,,,,,,,,,,,,,,,,,,,,,,,,,,,,,,,,,,,,,,,,,,,,,,,,,,,,,,,,,,,,,,,,,,,,,,,,,,,,,,,,,,,,,,,,,,,,,,,,,,,,,,,,,,,,,,,,,,,,,,,,,
33362,Level 2,,N/A,N/A,575387,New Construction,N/A,,N/A,FIXED,N/A,,50948,,,33361,33356,150W - 120V,N/A,51041,"33384,33388,33392,33396,33400,33404,33408,33412,51063,51127,51129,51131,51133,51135,51137,51139,51141",20,1K7eM1Qof1dOc9$mY9I4Cv,N/A,61,N/A,M_Pendant Light - Hemisphere:150W - 120V:150W - 120V:575387,,N/A,33362,N/A,NEW,Orphaned,N/A,N/A,N/A,N/A,N/A,N/A,N/A,12,1,TRUE,60,120,N/A,N/A,N/A,N/A,N/A,N/A,5601,54,N/A,"General Luminaries, Non Directional",N/A,N/A,,L1,N/A,0.28,NOTKNOWN,N/A,N/A,23.80.70.11.11,5601,Kandelite Co.,0,0,0,0,Point+Spherical,Type B,0,UNSET,16777215,NONE,F,OTHER,UNSET, 120 V/1-150 VA,1,UNSET,5,Unit B Panelboard,0,0.000000,,0,SUSPENDED,1,60,3,CEILING,0,D5020220,,0.246063,Lighting - Dwelling Unit,1291.669250,A-21,Lighting - Incandescent,3.937008,1614.586563,Metal - Chrome,2.214567,Glass - Frosted,,,,,,,,,,,,,,,,,,,,,,,,,,,,,,,,,,,,,,,,,,,,,,,,,,,,,,,,,,,,,,,,,,,,,,,,,,,,,,,,,,,,,,,,,,,,,,,,,,,,,,,,,,,,,,,,,,,,,,,,,,,,,,,,,,,,,,,,,,,,,,,
33425,Level 2,,N/A,N/A,575388,New Construction,N/A,,N/A,FIXED,N/A,,50948,,,33424,33419,100W - 120V,N/A,51029,"33447,33451,33455,33459,33463,33467,33471,33475,51061,51111,51113,51115,51117,51119,51121,51123,51125",20,1K7eM1Qof1dOc9$mY9I4C_,N/A,61,N/A,M_Sconce Light - Sphere:100W - 120V:100W - 120V:575388,,N/A,33425,N/A,NEW,Orphaned,N/A,N/A,N/A,N/A,N/A,N/A,N/A,13,1,TRUE,60,120,N/A,N/A,N/A,N/A,N/A,N/A,N/A,54,N/A,"General Luminaries, Non Directional",N/A,N/A,,L1,N/A,0.28,NOTKNOWN,N/A,N/A,23.80.70.11.11,Y32012-42,Hampton Bay,0,0,0,0,Point+HemiSpherical,Type A,0,UNSET,16777215,NONE,F,OTHER,UNSET, 120 V/1-100 VA,1,UNSET,8,Unit A Panelboard,0,0.000000,Glass - Frosted,0,OTHER,1,100,3,WALL,0,D5020220,0.656168,0.656168,Lighting - Dwelling Unit,1291.669250,R-30,Lighting - Incandescent,6.233596,1076.391042,,,,,,,,,,,,,,,,,,,,,,,,,,,,,,,,,,,,,,,,,,,,,,,,,,,,,,,,,,,,,,,,,,,,,,,,,,,,,,,,,,,,,,,,,,,,,,,,,,,,,,,,,,,,,,,,,,,,,,,,,,,,,,,,,,,,,,,,,,,,,,,,,,
33486,Level 2,,N/A,N/A,575390,New Construction,N/A,,N/A,FIXED,N/A,,50948,,,33485,33480,100W - 120V,N/A,51029,"33508,33512,33516,33520,33524,33528,33532,33536,51061,51111,51113,51115,51117,51119,51121,51123,51125",20,1K7eM1Qof1dOc9$mY9I4Cy,N/A,61,N/A,M_Sconce Light - Sphere:100W - 120V:100W - 120V:575390,,N/A,33486,N/A,NEW,Orphaned,N/A,N/A,N/A,N/A,N/A,N/A,N/A,14,1,TRUE,60,120,N/A,N/A,N/A,N/A,N/A,N/A,N/A,54,N/A,"General Luminaries, Non Directional",N/A,N/A,,L1,N/A,0.28,NOTKNOWN,N/A,N/A,23.80.70.11.11,Y32012-42,Hampton Bay,0,0,0,0,Point+HemiSpherical,Type A,0,UNSET,16777215,NONE,F,OTHER,UNSET, 120 V/1-100 VA,1,UNSET,6,Unit B Panelboard,0,0.000000,Glass - Frosted,0,OTHER,1,100,3,WALL,0,D5020220,0.656168,0.656168,Lighting - Dwelling Unit,1291.669250,R-30,Lighting - Incandescent,6.233596,1076.391042,,,,,,,,,,,,,,,,,,,,,,,,,,,,,,,,,,,,,,,,,,,,,,,,,,,,,,,,,,,,,,,,,,,,,,,,,,,,,,,,,,,,,,,,,,,,,,,,,,,,,,,,,,,,,,,,,,,,,,,,,,,,,,,,,,,,,,,,,,,,,,,,,,
33572,Level 2,,N/A,N/A,575392,New Construction,N/A,,N/A,FIXED,N/A,,50948,,,33571,33566,Single Pole,N/A,,"33629,33633,33637,33641,33645,33649,51065,51143,51145,51147,51149,51151",20,1K7eM1Qof1dOc9$mY9I4C2,N/A,61,N/A,M_Lighting Switches:Single Pole:Single Pole:575392,,N/A,33572,N/A,,Orphaned,N/A,N/A,N/A,N/A,N/A,N/A,N/A,,1,TRUE,60,120,N/A,N/A,N/A,N/A,N/A,N/A,ABC,52,N/A,Switches,N/A,N/A,,L1,N/A,0.90,UNKNOWN,N/A,N/A,23.80.50.11.14,ABC,Hampton Bay,,,,,,,,,,,,,, 120 V/1-0 VA,,,7,Unit A Panelboard,,0.000000,,,,,,,,,,,,Other,,,,3.937008,0.000000,,,,0.000000,,,1291.669250,,,,,,,,,,,,,,,,,,,,,,,,,,,,,,,,,,,,,,,,,,,,,,,,,,,,,,,,,,,,,,,,,,,,,,,,,,,,,,,,,,,,,,,,,,,,,,,,,,,,,,,,,,,,,,,,,,,,,,,,,,,,,,,,,,,,,,,,,,,
33670,Level 2,,N/A,N/A,575394,New Construction,N/A,,N/A,FIXED,N/A,,50948,,,33669,33664,Single Pole,N/A,,"33684,33688,33692,33696,33700,33704,51065,51143,51145,51147,51149,51151",20,1K7eM1Qof1dOc9$mY9I4C0,N/A,61,N/A,M_Lighting Switches:Single Pole:Single Pole:575394,,N/A,33670,N/A,,Orphaned,N/A,N/A,N/A,N/A,N/A,N/A,N/A,,1,TRUE,60,120,N/A,N/A,N/A,N/A,N/A,N/A,ABC,52,N/A,Switches,N/A,N/A,,L1,N/A,0.90,UNKNOWN,N/A,N/A,23.80.50.11.14,ABC,Hampton Bay,,,,,,,,,,,,,, 120 V/1-0 VA,,,5,Unit B Panelboard,,0.000000,,,,,,,,,,,,Other,,,,3.937008,0.000000,,,,0.000000,,,1291.669250,,,,,,,,,,,,,,,,,,,,,,,,,,,,,,,,,,,,,,,,,,,,,,,,,,,,,,,,,,,,,,,,,,,,,,,,,,,,,,,,,,,,,,,,,,,,,,,,,,,,,,,,,,,,,,,,,,,,,,,,,,,,,,,,,,,,,,,,,,,
33715,Level 2,,N/A,N/A,575396,New Construction,N/A,,N/A,FIXED,N/A,,50948,,,33714,33709,Single Pole,N/A,,"33729,33733,33737,33741,33745,33749,51065,51143,51145,51147,51149,51151",20,1K7eM1Qof1dOc9$mY9I4C6,N/A,61,N/A,M_Lighting Switches:Single Pole:Single Pole:575396,,N/A,33715,N/A,,Orphaned,N/A,N/A,N/A,N/A,N/A,N/A,N/A,,1,TRUE,60,120,N/A,N/A,N/A,N/A,N/A,N/A,ABC,52,N/A,Switches,N/A,N/A,,L1,N/A,0.90,UNKNOWN,N/A,N/A,23.80.50.11.14,ABC,Hampton Bay,,,,,,,,,,,,,, 120 V/1-0 VA,,,6,Unit B Panelboard,,0.000000,,,,,,,,,,,,Other,,,,3.937008,0.000000,,,,0.000000,,,1291.669250,,,,,,,,,,,,,,,,,,,,,,,,,,,,,,,,,,,,,,,,,,,,,,,,,,,,,,,,,,,,,,,,,,,,,,,,,,,,,,,,,,,,,,,,,,,,,,,,,,,,,,,,,,,,,,,,,,,,,,,,,,,,,,,,,,,,,,,,,,,
33760,Level 2,,N/A,N/A,575398,New Construction,N/A,,N/A,FIXED,N/A,,50948,,,33759,33754,Single Pole,N/A,,"33774,33778,33782,33786,33790,33794,51065,51143,51145,51147,51149,51151",20,1K7eM1Qof1dOc9$mY9I4C4,N/A,61,N/A,M_Lighting Switches:Single Pole:Single Pole:575398,,N/A,33760,N/A,,Orphaned,N/A,N/A,N/A,N/A,N/A,N/A,N/A,,1,TRUE,60,120,N/A,N/A,N/A,N/A,N/A,N/A,ABC,52,N/A,Switches,N/A,N/A,,L1,N/A,0.90,UNKNOWN,N/A,N/A,23.80.50.11.14,ABC,Hampton Bay,,,,,,,,,,,,,, 120 V/1-0 VA,,,8,Unit A Panelboard,,0.000000,,,,,,,,,,,,Other,,,,3.937008,0.000000,,,,0.000000,,,1291.669250,,,,,,,,,,,,,,,,,,,,,,,,,,,,,,,,,,,,,,,,,,,,,,,,,,,,,,,,,,,,,,,,,,,,,,,,,,,,,,,,,,,,,,,,,,,,,,,,,,,,,,,,,,,,,,,,,,,,,,,,,,,,,,,,,,,,,,,,,,,
33805,Level 2,,N/A,N/A,575400,New Construction,N/A,,N/A,FIXED,N/A,,50948,,,33804,33799,Single Pole,N/A,,"33819,33823,33827,33831,33835,33839,51065,51143,51145,51147,51149,51151",20,1K7eM1Qof1dOc9$mY9I4CA,N/A,61,N/A,M_Lighting Switches:Single Pole:Single Pole:575400,,N/A,33805,N/A,,Orphaned,N/A,N/A,N/A,N/A,N/A,N/A,N/A,,1,TRUE,60,120,N/A,N/A,N/A,N/A,N/A,N/A,ABC,52,N/A,Switches,N/A,N/A,,L1,N/A,0.90,UNKNOWN,N/A,N/A,23.80.50.11.14,ABC,Hampton Bay,,,,,,,,,,,,,, 120 V/1-0 VA,,,8,Unit B Panelboard,,0.000000,,,,,,,,,,,,Other,,,,3.937008,0.000000,,,,0.000000,,,1291.669250,,,,,,,,,,,,,,,,,,,,,,,,,,,,,,,,,,,,,,,,,,,,,,,,,,,,,,,,,,,,,,,,,,,,,,,,,,,,,,,,,,,,,,,,,,,,,,,,,,,,,,,,,,,,,,,,,,,,,,,,,,,,,,,,,,,,,,,,,,,
33850,Level 2,,N/A,N/A,575402,New Construction,N/A,,N/A,FIXED,N/A,,50948,,,33849,33844,Single Pole,N/A,,"33864,33868,33872,33876,33880,33884,51065,51143,51145,51147,51149,51151",20,1K7eM1Qof1dOc9$mY9I4C8,N/A,61,N/A,M_Lighting Switches:Single Pole:Single Pole:575402,,N/A,33850,N/A,,Orphaned,N/A,N/A,N/A,N/A,N/A,N/A,N/A,,1,TRUE,60,120,N/A,N/A,N/A,N/A,N/A,N/A,ABC,52,N/A,Switches,N/A,N/A,,L1,N/A,0.90,UNKNOWN,N/A,N/A,23.80.50.11.14,ABC,Hampton Bay,,,,,,,,,,,,,, 120 V/1-0 VA,,,5,Unit A Panelboard,,0.000000,,,,,,,,,,,,Other,,,,3.937008,0.000000,,,,0.000000,,,1291.669250,,,,,,,,,,,,,,,,,,,,,,,,,,,,,,,,,,,,,,,,,,,,,,,,,,,,,,,,,,,,,,,,,,,,,,,,,,,,,,,,,,,,,,,,,,,,,,,,,,,,,,,,,,,,,,,,,,,,,,,,,,,,,,,,,,,,,,,,,,,
33920,Level 2,,N/A,N/A,575405,New Construction,N/A,,N/A,FIXED,N/A,,50948,,,33919,33914,Duplex Receptacle,N/A,,"33979,33983,33987,33991,33995,33999,34003,51067,51153,51155,51157,51159",15,1K7eM1Qof1dOc9$mY9I4CF,N/A,61,N/A,M_Duplex Receptacle:Duplex Receptacle:Duplex Receptacle:575405,,N/A,33920,N/A,NEW,Orphaned,N/A,N/A,N/A,N/A,N/A,N/A,N/A,9,1,TRUE,60,125,N/A,N/A,N/A,N/A,N/A,N/A,5262BLK,52,N/A,Ground Fault Receptacles,N/A,N/A,,L1,N/A,0.80,NOTKNOWN,N/A,N/A,23.80.50.11.17,5262BLK,Legrand; Pass & Seymour,,,,,,Type D,,,,,,,, 120 V/1-180 VA,,,7,Unit A Panelboard,,0.000000,,,,,,,,,,,,Receptacle,,,,1.509186,,,,,0.000000,TRUE,1937.503875,1291.669250,,,,,,,,,,,,,,,,,,,,,,,,,,,,,,,,,,,,,,,,,,,,,,,,,,,,,,,,,,,,,,,,,,,,,,,,,,,,,,,,,,,,,,,,,,,,,,,,,,,,,,,,,,,,,,,,,,,,,,,,,,,,,,,,,,,,,,,,,,,
34022,Level 2,,N/A,N/A,575406,New Construction,N/A,,N/A,FIXED,N/A,,50948,,,34021,34016,Duplex Receptacle,N/A,,"34039,34043,34047,34051,34055,34059,34063,51067,51153,51155,51157,51159",15,1K7eM1Qof1dOc9$mY9I4CC,N/A,61,N/A,M_Duplex Receptacle:Duplex Receptacle:Duplex Receptacle:575406,,N/A,34022,N/A,NEW,Orphaned,N/A,N/A,N/A,N/A,N/A,N/A,N/A,10,1,TRUE,60,125,N/A,N/A,N/A,N/A,N/A,N/A,5262BLK,52,N/A,Ground Fault Receptacles,N/A,N/A,,L1,N/A,0.80,NOTKNOWN,N/A,N/A,23.80.50.11.17,5262BLK,Legrand; Pass & Seymour,,,,,,Type D,,,,,,,, 120 V/1-180 VA,,,7,Unit A Panelboard,,0.000000,,,,,,,,,,,,Receptacle,,,,1.509186,,,,,0.000000,TRUE,1937.503875,1291.669250,,,,,,,,,,,,,,,,,,,,,,,,,,,,,,,,,,,,,,,,,,,,,,,,,,,,,,,,,,,,,,,,,,,,,,,,,,,,,,,,,,,,,,,,,,,,,,,,,,,,,,,,,,,,,,,,,,,,,,,,,,,,,,,,,,,,,,,,,,,
34074,Level 2,,N/A,N/A,575407,New Construction,N/A,,N/A,FIXED,N/A,,50948,,,34073,34068,Duplex Receptacle,N/A,,"34091,34095,34099,34103,34107,34111,34115,51067,51153,51155,51157,51159",15,1K7eM1Qof1dOc9$mY9I4CD,N/A,61,N/A,M_Duplex Receptacle:Duplex Receptacle:Duplex Receptacle:575407,,N/A,34074,N/A,NEW,Orphaned,N/A,N/A,N/A,N/A,N/A,N/A,N/A,11,1,TRUE,60,125,N/A,N/A,N/A,N/A,N/A,N/A,5262BLK,52,N/A,Ground Fault Receptacles,N/A,N/A,,L1,N/A,0.80,NOTKNOWN,N/A,N/A,23.80.50.11.17,5262BLK,Legrand; Pass & Seymour,,,,,,Type D,,,,,,,, 120 V/1-180 VA,,,7,Unit A Panelboard,,0.000000,,,,,,,,,,,,Receptacle,,,,1.509186,,,,,0.000000,TRUE,1937.503875,1291.669250,,,,,,,,,,,,,,,,,,,,,,,,,,,,,,,,,,,,,,,,,,,,,,,,,,,,,,,,,,,,,,,,,,,,,,,,,,,,,,,,,,,,,,,,,,,,,,,,,,,,,,,,,,,,,,,,,,,,,,,,,,,,,,,,,,,,,,,,,,,
34126,Level 2,,N/A,N/A,575409,New Construction,N/A,,N/A,FIXED,N/A,,50948,,,34125,34120,Duplex Receptacle,N/A,,"34143,34147,34151,34155,34159,34163,34167,51067,51153,51155,51157,51159",15,1K7eM1Qof1dOc9$mY9I4CJ,N/A,61,N/A,M_Duplex Receptacle:Duplex Receptacle:Duplex Receptacle:575409,,N/A,34126,N/A,NEW,Orphaned,N/A,N/A,N/A,N/A,N/A,N/A,N/A,12,1,TRUE,60,125,N/A,N/A,N/A,N/A,N/A,N/A,5262BLK,52,N/A,Ground Fault Receptacles,N/A,N/A,,L1,N/A,0.80,NOTKNOWN,N/A,N/A,23.80.50.11.17,5262BLK,Legrand; Pass & Seymour,,,,,,Type D,,,,,,,, 120 V/1-180 VA,,,7,Unit A Panelboard,,0.000000,,,,,,,,,,,,Receptacle,,,,1.509186,,,,,0.000000,TRUE,1937.503875,1291.669250,,,,,,,,,,,,,,,,,,,,,,,,,,,,,,,,,,,,,,,,,,,,,,,,,,,,,,,,,,,,,,,,,,,,,,,,,,,,,,,,,,,,,,,,,,,,,,,,,,,,,,,,,,,,,,,,,,,,,,,,,,,,,,,,,,,,,,,,,,,
34178,Level 2,,N/A,N/A,575410,New Construction,N/A,,N/A,FIXED,N/A,,50948,,,34177,34172,Duplex Receptacle,N/A,,"34195,34199,34203,34207,34211,34215,34219,51067,51153,51155,51157,51159",15,1K7eM1Qof1dOc9$mY9I4CG,N/A,61,N/A,M_Duplex Receptacle:Duplex Receptacle:Duplex Receptacle:575410,,N/A,34178,N/A,NEW,Orphaned,N/A,N/A,N/A,N/A,N/A,N/A,N/A,13,1,TRUE,60,125,N/A,N/A,N/A,N/A,N/A,N/A,5262BLK,52,N/A,Ground Fault Receptacles,N/A,N/A,,L1,N/A,0.80,NOTKNOWN,N/A,N/A,23.80.50.11.17,5262BLK,Legrand; Pass & Seymour,,,,,,Type D,,,,,,,, 120 V/1-180 VA,,,8,Unit A Panelboard,,0.000000,,,,,,,,,,,,Receptacle,,,,1.509186,,,,,0.000000,TRUE,1937.503875,1291.669250,,,,,,,,,,,,,,,,,,,,,,,,,,,,,,,,,,,,,,,,,,,,,,,,,,,,,,,,,,,,,,,,,,,,,,,,,,,,,,,,,,,,,,,,,,,,,,,,,,,,,,,,,,,,,,,,,,,,,,,,,,,,,,,,,,,,,,,,,,,
34230,Level 2,,N/A,N/A,575419,New Construction,N/A,,N/A,FIXED,N/A,,50948,,,34229,34224,Duplex Receptacle,N/A,,"34247,34251,34255,34259,34263,34267,34271,51067,51153,51155,51157,51159",15,1K7eM1Qof1dOc9$mY9I4CP,N/A,61,N/A,M_Duplex Receptacle:Duplex Receptacle:Duplex Receptacle:575419,,N/A,34230,N/A,NEW,Orphaned,N/A,N/A,N/A,N/A,N/A,N/A,N/A,19,1,TRUE,60,125,N/A,N/A,N/A,N/A,N/A,N/A,5262BLK,52,N/A,Ground Fault Receptacles,N/A,N/A,,L1,N/A,0.80,NOTKNOWN,N/A,N/A,23.80.50.11.17,5262BLK,Legrand; Pass & Seymour,,,,,,Type D,,,,,,,, 120 V/1-180 VA,,,6,Unit B Panelboard,,0.000000,,,,,,,,,,,,Receptacle,,,,1.509186,,,,,0.000000,TRUE,1937.503875,1291.669250,,,,,,,,,,,,,,,,,,,,,,,,,,,,,,,,,,,,,,,,,,,,,,,,,,,,,,,,,,,,,,,,,,,,,,,,,,,,,,,,,,,,,,,,,,,,,,,,,,,,,,,,,,,,,,,,,,,,,,,,,,,,,,,,,,,,,,,,,,,
34282,Level 2,,N/A,N/A,575422,New Construction,N/A,,N/A,FIXED,N/A,,50948,,,34281,34276,Duplex Receptacle,N/A,,"34299,34303,34307,34311,34315,34319,34323,51067,51153,51155,51157,51159",15,1K7eM1Qof1dOc9$mY9I4CS,N/A,61,N/A,M_Duplex Receptacle:Duplex Receptacle:Duplex Receptacle:575422,,N/A,34282,N/A,NEW,Orphaned,N/A,N/A,N/A,N/A,N/A,N/A,N/A,21,1,TRUE,60,125,N/A,N/A,N/A,N/A,N/A,N/A,5262BLK,52,N/A,Ground Fault Receptacles,N/A,N/A,,L1,N/A,0.80,NOTKNOWN,N/A,N/A,23.80.50.11.17,5262BLK,Legrand; Pass & Seymour,,,,,,Type D,,,,,,,, 120 V/1-180 VA,,,5,Unit B Panelboard,,0.000000,,,,,,,,,,,,Receptacle,,,,1.509186,,,,,0.000000,TRUE,1937.503875,1291.669250,,,,,,,,,,,,,,,,,,,,,,,,,,,,,,,,,,,,,,,,,,,,,,,,,,,,,,,,,,,,,,,,,,,,,,,,,,,,,,,,,,,,,,,,,,,,,,,,,,,,,,,,,,,,,,,,,,,,,,,,,,,,,,,,,,,,,,,,,,,
34334,Level 2,,N/A,N/A,575424,New Construction,N/A,,N/A,FIXED,N/A,,50948,,,34333,34328,Duplex Receptacle,N/A,,"34351,34355,34359,34363,34367,34371,34375,51067,51153,51155,51157,51159",15,1K7eM1Qof1dOc9$mY9I4DY,N/A,61,N/A,M_Duplex Receptacle:Duplex Receptacle:Duplex Receptacle:575424,,N/A,34334,N/A,NEW,Orphaned,N/A,N/A,N/A,N/A,N/A,N/A,N/A,22,1,TRUE,60,125,N/A,N/A,N/A,N/A,N/A,N/A,5262BLK,52,N/A,Ground Fault Receptacles,N/A,N/A,,L1,N/A,0.80,NOTKNOWN,N/A,N/A,23.80.50.11.17,5262BLK,Legrand; Pass & Seymour,,,,,,Type D,,,,,,,, 120 V/1-180 VA,,,5,Unit B Panelboard,,0.000000,,,,,,,,,,,,Receptacle,,,,1.509186,,,,,0.000000,TRUE,1937.503875,1291.669250,,,,,,,,,,,,,,,,,,,,,,,,,,,,,,,,,,,,,,,,,,,,,,,,,,,,,,,,,,,,,,,,,,,,,,,,,,,,,,,,,,,,,,,,,,,,,,,,,,,,,,,,,,,,,,,,,,,,,,,,,,,,,,,,,,,,,,,,,,,
34386,Level 2,,N/A,N/A,575425,New Construction,N/A,,N/A,FIXED,N/A,,50948,,,34385,34380,Duplex Receptacle,N/A,,"34403,34407,34411,34415,34419,34423,34427,51067,51153,51155,51157,51159",15,1K7eM1Qof1dOc9$mY9I4DZ,N/A,61,N/A,M_Duplex Receptacle:Duplex Receptacle:Duplex Receptacle:575425,,N/A,34386,N/A,NEW,Orphaned,N/A,N/A,N/A,N/A,N/A,N/A,N/A,23,1,TRUE,60,125,N/A,N/A,N/A,N/A,N/A,N/A,5262BLK,52,N/A,Ground Fault Receptacles,N/A,N/A,,L1,N/A,0.80,NOTKNOWN,N/A,N/A,23.80.50.11.17,5262BLK,Legrand; Pass & Seymour,,,,,,Type D,,,,,,,, 120 V/1-180 VA,,,5,Unit B Panelboard,,0.000000,,,,,,,,,,,,Receptacle,,,,1.509186,,,,,0.000000,TRUE,1937.503875,1291.669250,,,,,,,,,,,,,,,,,,,,,,,,,,,,,,,,,,,,,,,,,,,,,,,,,,,,,,,,,,,,,,,,,,,,,,,,,,,,,,,,,,,,,,,,,,,,,,,,,,,,,,,,,,,,,,,,,,,,,,,,,,,,,,,,,,,,,,,,,,,
34438,Level 2,,N/A,N/A,575426,New Construction,N/A,,N/A,FIXED,N/A,,50948,,,34437,34432,Duplex Receptacle,N/A,,"34455,34459,34463,34467,34471,34475,34479,51067,51153,51155,51157,51159",15,1K7eM1Qof1dOc9$mY9I4DW,N/A,61,N/A,M_Duplex Receptacle:Duplex Receptacle:Duplex Receptacle:575426,,N/A,34438,N/A,NEW,Orphaned,N/A,N/A,N/A,N/A,N/A,N/A,N/A,24,1,TRUE,60,125,N/A,N/A,N/A,N/A,N/A,N/A,5262BLK,52,N/A,Ground Fault Receptacles,N/A,N/A,,L1,N/A,0.80,NOTKNOWN,N/A,N/A,23.80.50.11.17,5262BLK,Legrand; Pass & Seymour,,,,,,Type D,,,,,,,, 120 V/1-180 VA,,,7,Unit B Panelboard,,0.000000,,,,,,,,,,,,Receptacle,,,,1.509186,,,,,0.000000,TRUE,1937.503875,1291.669250,,,,,,,,,,,,,,,,,,,,,,,,,,,,,,,,,,,,,,,,,,,,,,,,,,,,,,,,,,,,,,,,,,,,,,,,,,,,,,,,,,,,,,,,,,,,,,,,,,,,,,,,,,,,,,,,,,,,,,,,,,,,,,,,,,,,,,,,,,,
34490,Level 2,,N/A,N/A,575428,New Construction,N/A,,N/A,FIXED,N/A,,50948,,,34489,34484,Duplex Receptacle,N/A,,"34507,34511,34515,34519,34523,34527,34531,51067,51153,51155,51157,51159",15,1K7eM1Qof1dOc9$mY9I4Dc,N/A,61,N/A,M_Duplex Receptacle:Duplex Receptacle:Duplex Receptacle:575428,,N/A,34490,N/A,NEW,Orphaned,N/A,N/A,N/A,N/A,N/A,N/A,N/A,25,1,TRUE,60,125,N/A,N/A,N/A,N/A,N/A,N/A,5262BLK,52,N/A,Ground Fault Receptacles,N/A,N/A,,L1,N/A,0.80,NOTKNOWN,N/A,N/A,23.80.50.11.17,5262BLK,Legrand; Pass & Seymour,,,,,,Type D,,,,,,,, 120 V/1-180 VA,,,7,Unit B Panelboard,,0.000000,,,,,,,,,,,,Receptacle,,,,1.509186,,,,,0.000000,TRUE,1937.503875,1291.669250,,,,,,,,,,,,,,,,,,,,,,,,,,,,,,,,,,,,,,,,,,,,,,,,,,,,,,,,,,,,,,,,,,,,,,,,,,,,,,,,,,,,,,,,,,,,,,,,,,,,,,,,,,,,,,,,,,,,,,,,,,,,,,,,,,,,,,,,,,,
34542,Level 2,,N/A,N/A,575430,New Construction,N/A,,N/A,FIXED,N/A,,50948,,,34541,34536,Duplex Receptacle,N/A,,"34559,34563,34567,34571,34575,34579,34583,51067,51153,51155,51157,51159",15,1K7eM1Qof1dOc9$mY9I4Da,N/A,61,N/A,M_Duplex Receptacle:Duplex Receptacle:Duplex Receptacle:575430,,N/A,34542,N/A,NEW,Orphaned,N/A,N/A,N/A,N/A,N/A,N/A,N/A,26,1,TRUE,60,125,N/A,N/A,N/A,N/A,N/A,N/A,5262BLK,52,N/A,Ground Fault Receptacles,N/A,N/A,,L1,N/A,0.80,NOTKNOWN,N/A,N/A,23.80.50.11.17,5262BLK,Legrand; Pass & Seymour,,,,,,Type D,,,,,,,, 120 V/1-180 VA,,,6,Unit A Panelboard,,0.000000,,,,,,,,,,,,Receptacle,,,,1.509186,,,,,0.000000,TRUE,1937.503875,1291.669250,,,,,,,,,,,,,,,,,,,,,,,,,,,,,,,,,,,,,,,,,,,,,,,,,,,,,,,,,,,,,,,,,,,,,,,,,,,,,,,,,,,,,,,,,,,,,,,,,,,,,,,,,,,,,,,,,,,,,,,,,,,,,,,,,,,,,,,,,,,
34594,Level 2,,N/A,N/A,575432,New Construction,N/A,,N/A,FIXED,N/A,,50948,,,34593,34588,Duplex Receptacle,N/A,,"34611,34615,34619,34623,34627,34631,34635,51067,51153,51155,51157,51159",15,1K7eM1Qof1dOc9$mY9I4Dg,N/A,61,N/A,M_Duplex Receptacle:Duplex Receptacle:Duplex Receptacle:575432,,N/A,34594,N/A,NEW,Orphaned,N/A,N/A,N/A,N/A,N/A,N/A,N/A,27,1,TRUE,60,125,N/A,N/A,N/A,N/A,N/A,N/A,5262BLK,52,N/A,Ground Fault Receptacles,N/A,N/A,,L1,N/A,0.80,NOTKNOWN,N/A,N/A,23.80.50.11.17,5262BLK,Legrand; Pass & Seymour,,,,,,Type D,,,,,,,, 120 V/1-180 VA,,,6,Unit A Panelboard,,0.000000,,,,,,,,,,,,Receptacle,,,,1.509186,,,,,0.000000,TRUE,1937.503875,1291.669250,,,,,,,,,,,,,,,,,,,,,,,,,,,,,,,,,,,,,,,,,,,,,,,,,,,,,,,,,,,,,,,,,,,,,,,,,,,,,,,,,,,,,,,,,,,,,,,,,,,,,,,,,,,,,,,,,,,,,,,,,,,,,,,,,,,,,,,,,,,
34646,Level 2,,N/A,N/A,575434,New Construction,N/A,,N/A,FIXED,N/A,,50948,,,34645,34640,Duplex Receptacle,N/A,,"34663,34667,34671,34675,34679,34683,34687,51067,51153,51155,51157,51159",15,1K7eM1Qof1dOc9$mY9I4De,N/A,61,N/A,M_Duplex Receptacle:Duplex Receptacle:Duplex Receptacle:575434,,N/A,34646,N/A,NEW,Orphaned,N/A,N/A,N/A,N/A,N/A,N/A,N/A,28,1,TRUE,60,125,N/A,N/A,N/A,N/A,N/A,N/A,5262BLK,52,N/A,Ground Fault Receptacles,N/A,N/A,,L1,N/A,0.80,NOTKNOWN,N/A,N/A,23.80.50.11.17,5262BLK,Legrand; Pass & Seymour,,,,,,Type D,,,,,,,, 120 V/1-180 VA,,,5,Unit A Panelboard,,0.000000,,,,,,,,,,,,Receptacle,,,,1.509186,,,,,0.000000,TRUE,1937.503875,1291.669250,,,,,,,,,,,,,,,,,,,,,,,,,,,,,,,,,,,,,,,,,,,,,,,,,,,,,,,,,,,,,,,,,,,,,,,,,,,,,,,,,,,,,,,,,,,,,,,,,,,,,,,,,,,,,,,,,,,,,,,,,,,,,,,,,,,,,,,,,,,
34698,Level 2,,N/A,N/A,575435,New Construction,N/A,,N/A,FIXED,N/A,,50948,,,34697,34692,Duplex Receptacle,N/A,,"34715,34719,34723,34727,34731,34735,34739,51067,51153,51155,51157,51159",15,1K7eM1Qof1dOc9$mY9I4Df,N/A,61,N/A,M_Duplex Receptacle:Duplex Receptacle:Duplex Receptacle:575435,,N/A,34698,N/A,NEW,Orphaned,N/A,N/A,N/A,N/A,N/A,N/A,N/A,29,1,TRUE,60,125,N/A,N/A,N/A,N/A,N/A,N/A,5262BLK,52,N/A,Ground Fault Receptacles,N/A,N/A,,L1,N/A,0.80,NOTKNOWN,N/A,N/A,23.80.50.11.17,5262BLK,Legrand; Pass & Seymour,,,,,,Type D,,,,,,,, 120 V/1-180 VA,,,5,Unit A Panelboard,,0.000000,,,,,,,,,,,,Receptacle,,,,1.509186,,,,,0.000000,TRUE,1937.503875,1291.669250,,,,,,,,,,,,,,,,,,,,,,,,,,,,,,,,,,,,,,,,,,,,,,,,,,,,,,,,,,,,,,,,,,,,,,,,,,,,,,,,,,,,,,,,,,,,,,,,,,,,,,,,,,,,,,,,,,,,,,,,,,,,,,,,,,,,,,,,,,,
34750,Level 2,,N/A,N/A,575436,New Construction,N/A,,N/A,FIXED,N/A,,50948,,,34749,34744,Duplex Receptacle,N/A,,"34767,34771,34775,34779,34783,34787,34791,51067,51153,51155,51157,51159",15,1K7eM1Qof1dOc9$mY9I4Dk,N/A,61,N/A,M_Duplex Receptacle:Duplex Receptacle:Duplex Receptacle:575436,,N/A,34750,N/A,NEW,Orphaned,N/A,N/A,N/A,N/A,N/A,N/A,N/A,30,1,TRUE,60,125,N/A,N/A,N/A,N/A,N/A,N/A,5262BLK,52,N/A,Ground Fault Receptacles,N/A,N/A,,L1,N/A,0.80,NOTKNOWN,N/A,N/A,23.80.50.11.17,5262BLK,Legrand; Pass & Seymour,,,,,,Type D,,,,,,,, 120 V/1-180 VA,,,8,Unit B Panelboard,,0.000000,,,,,,,,,,,,Receptacle,,,,1.509186,,,,,0.000000,TRUE,1937.503875,1291.669250,,,,,,,,,,,,,,,,,,,,,,,,,,,,,,,,,,,,,,,,,,,,,,,,,,,,,,,,,,,,,,,,,,,,,,,,,,,,,,,,,,,,,,,,,,,,,,,,,,,,,,,,,,,,,,,,,,,,,,,,,,,,,,,,,,,,,,,,,,,
34802,Level 2,,N/A,N/A,575438,New Construction,N/A,,N/A,FIXED,N/A,,50948,,,34801,34796,Duplex Receptacle,N/A,,"34819,34823,34827,34831,34835,34839,34843,51067,51153,51155,51157,51159",15,1K7eM1Qof1dOc9$mY9I4Di,N/A,61,N/A,M_Duplex Receptacle:Duplex Receptacle:Duplex Receptacle:575438,,N/A,34802,N/A,NEW,Orphaned,N/A,N/A,N/A,N/A,N/A,N/A,N/A,31,1,TRUE,60,125,N/A,N/A,N/A,N/A,N/A,N/A,5262BLK,52,N/A,Ground Fault Receptacles,N/A,N/A,,L1,N/A,0.80,NOTKNOWN,N/A,N/A,23.80.50.11.17,5262BLK,Legrand; Pass & Seymour,,,,,,Type D,,,,,,,, 120 V/1-180 VA,,,8,Unit B Panelboard,,0.000000,,,,,,,,,,,,Receptacle,,,,1.509186,,,,,0.000000,TRUE,1937.503875,1291.669250,,,,,,,,,,,,,,,,,,,,,,,,,,,,,,,,,,,,,,,,,,,,,,,,,,,,,,,,,,,,,,,,,,,,,,,,,,,,,,,,,,,,,,,,,,,,,,,,,,,,,,,,,,,,,,,,,,,,,,,,,,,,,,,,,,,,,,,,,,,
34854,Level 2,,N/A,N/A,575439,New Construction,N/A,,N/A,FIXED,N/A,,50948,,,34853,34848,Duplex Receptacle,N/A,,"34871,34875,34879,34883,34887,34891,34895,51067,51153,51155,51157,51159",15,1K7eM1Qof1dOc9$mY9I4Dj,N/A,61,N/A,M_Duplex Receptacle:Duplex Receptacle:Duplex Receptacle:575439,,N/A,34854,N/A,NEW,Orphaned,N/A,N/A,N/A,N/A,N/A,N/A,N/A,32,1,TRUE,60,125,N/A,N/A,N/A,N/A,N/A,N/A,5262BLK,52,N/A,Ground Fault Receptacles,N/A,N/A,,L1,N/A,0.80,NOTKNOWN,N/A,N/A,23.80.50.11.17,5262BLK,Legrand; Pass & Seymour,,,,,,Type D,,,,,,,, 120 V/1-180 VA,,,8,Unit B Panelboard,,0.000000,,,,,,,,,,,,Receptacle,,,,1.509186,,,,,0.000000,TRUE,1937.503875,1291.669250,,,,,,,,,,,,,,,,,,,,,,,,,,,,,,,,,,,,,,,,,,,,,,,,,,,,,,,,,,,,,,,,,,,,,,,,,,,,,,,,,,,,,,,,,,,,,,,,,,,,,,,,,,,,,,,,,,,,,,,,,,,,,,,,,,,,,,,,,,,
34906,Level 2,,N/A,N/A,575440,New Construction,N/A,,N/A,FIXED,N/A,,50948,,,34905,34900,Duplex Receptacle,N/A,,"34923,34927,34931,34935,34939,34943,34947,51067,51153,51155,51157,51159",15,1K7eM1Qof1dOc9$mY9I4Do,N/A,61,N/A,M_Duplex Receptacle:Duplex Receptacle:Duplex Receptacle:575440,,N/A,34906,N/A,NEW,Orphaned,N/A,N/A,N/A,N/A,N/A,N/A,N/A,33,1,TRUE,60,125,N/A,N/A,N/A,N/A,N/A,N/A,5262BLK,52,N/A,Ground Fault Receptacles,N/A,N/A,,L1,N/A,0.80,NOTKNOWN,N/A,N/A,23.80.50.11.17,5262BLK,Legrand; Pass & Seymour,,,,,,Type D,,,,,,,, 120 V/1-180 VA,,,5,Unit A Panelboard,,0.000000,,,,,,,,,,,,Receptacle,,,,1.509186,,,,,0.000000,TRUE,1937.503875,1291.669250,,,,,,,,,,,,,,,,,,,,,,,,,,,,,,,,,,,,,,,,,,,,,,,,,,,,,,,,,,,,,,,,,,,,,,,,,,,,,,,,,,,,,,,,,,,,,,,,,,,,,,,,,,,,,,,,,,,,,,,,,,,,,,,,,,,,,,,,,,,
39391,Level 2,,N/A,N/A,575505,New Construction,N/A,,N/A,FIXED,N/A,,50948,,,39390,39385,150W - 120V,N/A,51047,"39413,39417,39421,39425,39429,39433,39437,39441,51063,51127,51129,51131,51133,51135,51137,51139,51141",20,1K7eM1Qof1dOc9$mY9I4op,N/A,61,N/A,M_Pendant Light - Hemisphere:150W - 120V:150W - 120V:575505,,N/A,39391,N/A,NEW,Orphaned,N/A,N/A,N/A,N/A,N/A,N/A,N/A,17,1,TRUE,60,120,N/A,N/A,N/A,N/A,N/A,N/A,5601,54,N/A,"General Luminaries, Non Directional",N/A,N/A,,L1,N/A,0.28,NOTKNOWN,N/A,N/A,23.80.70.11.11,5601,Kandelite Co.,0,0,0,0,Point+Spherical,Type B,0,UNSET,16777215,NONE,F,OTHER,UNSET, 120 V/1-150 VA,1,UNSET,6,Unit A Panelboard,0,0.000000,,0,SUSPENDED,1,60,3,CEILING,0,D5020220,,0.246063,Lighting - Dwelling Unit,1291.669250,A-21,Lighting - Incandescent,3.937008,1614.586563,Metal - Chrome,2.214567,Glass - Frosted,,,,,,,,,,,,,,,,,,,,,,,,,,,,,,,,,,,,,,,,,,,,,,,,,,,,,,,,,,,,,,,,,,,,,,,,,,,,,,,,,,,,,,,,,,,,,,,,,,,,,,,,,,,,,,,,,,,,,,,,,,,,,,,,,,,,,,,,,,,,,,,
39454,Level 2,,N/A,N/A,575507,New Construction,N/A,,N/A,FIXED,N/A,,50948,,,39453,39448,Single Pole,N/A,,"39468,39472,39476,39480,39484,39488,51065,51143,51145,51147,51149,51151",20,1K7eM1Qof1dOc9$mY9I4on,N/A,61,N/A,M_Lighting Switches:Single Pole:Single Pole:575507,,N/A,39454,N/A,,Orphaned,N/A,N/A,N/A,N/A,N/A,N/A,N/A,,1,TRUE,60,120,N/A,N/A,N/A,N/A,N/A,N/A,ABC,52,N/A,Switches,N/A,N/A,,L1,N/A,0.90,UNKNOWN,N/A,N/A,23.80.50.11.14,ABC,Hampton Bay,,,,,,,,,,,,,, 120 V/1-0 VA,,,6,Unit A Panelboard,,0.000000,,,,,,,,,,,,Other,,,,3.937008,0.000000,,,,0.000000,,,1291.669250,,,,,,,,,,,,,,,,,,,,,,,,,,,,,,,,,,,,,,,,,,,,,,,,,,,,,,,,,,,,,,,,,,,,,,,,,,,,,,,,,,,,,,,,,,,,,,,,,,,,,,,,,,,,,,,,,,,,,,,,,,,,,,,,,,,,,,,,,,,
39499,Level 2,,N/A,N/A,575508,New Construction,N/A,,N/A,FIXED,N/A,,50948,,,39498,39493,150W - 120V,N/A,51049,"39521,39525,39529,39533,39537,39541,39545,39549,51063,51127,51129,51131,51133,51135,51137,51139,51141",20,1K7eM1Qof1dOc9$mY9I4os,N/A,61,N/A,M_Pendant Light - Hemisphere:150W - 120V:150W - 120V:575508,,N/A,39499,N/A,NEW,Orphaned,N/A,N/A,N/A,N/A,N/A,N/A,N/A,18,1,TRUE,60,120,N/A,N/A,N/A,N/A,N/A,N/A,5601,54,N/A,"General Luminaries, Non Directional",N/A,N/A,,L1,N/A,0.28,NOTKNOWN,N/A,N/A,23.80.70.11.11,5601,Kandelite Co.,0,0,0,0,Point+Spherical,Type B,0,UNSET,16777215,NONE,F,OTHER,UNSET, 120 V/1-150 VA,1,UNSET,7,Unit B Panelboard,0,0.000000,,0,SUSPENDED,1,60,3,CEILING,0,D5020220,,0.246063,Lighting - Dwelling Unit,1291.669250,A-21,Lighting - Incandescent,3.937008,1614.586563,Metal - Chrome,2.214567,Glass - Frosted,,,,,,,,,,,,,,,,,,,,,,,,,,,,,,,,,,,,,,,,,,,,,,,,,,,,,,,,,,,,,,,,,,,,,,,,,,,,,,,,,,,,,,,,,,,,,,,,,,,,,,,,,,,,,,,,,,,,,,,,,,,,,,,,,,,,,,,,,,,,,,,
39562,Level 2,,N/A,N/A,575510,New Construction,N/A,,N/A,FIXED,N/A,,50948,,,39561,39556,Single Pole,N/A,,"39576,39580,39584,39588,39592,39596,51065,51143,51145,51147,51149,51151",20,1K7eM1Qof1dOc9$mY9I4oq,N/A,61,N/A,M_Lighting Switches:Single Pole:Single Pole:575510,,N/A,39562,N/A,,Orphaned,N/A,N/A,N/A,N/A,N/A,N/A,N/A,,1,TRUE,60,120,N/A,N/A,N/A,N/A,N/A,N/A,ABC,52,N/A,Switches,N/A,N/A,,L1,N/A,0.90,UNKNOWN,N/A,N/A,23.80.50.11.14,ABC,Hampton Bay,,,,,,,,,,,,,, 120 V/1-0 VA,,,7,Unit B Panelboard,,0.000000,,,,,,,,,,,,Other,,,,3.937008,0.000000,,,,0.000000,,,1291.669250,,,,,,,,,,,,,,,,,,,,,,,,,,,,,,,,,,,,,,,,,,,,,,,,,,,,,,,,,,,,,,,,,,,,,,,,,,,,,,,,,,,,,,,,,,,,,,,,,,,,,,,,,,,,,,,,,,,,,,,,,,,,,,,,,,,,,,,,,,,
36166,Level 1,1.666667,N/A,N/A,575479,New Construction,N/A,,N/A,FIXED,N/A,4.166667,50926,,,36165,36160,400 A,N/A,,"36279,36283,36287,36291,36295,36299,36303,36307,36311,51069,51161,51163,51165,51167,51169",600,1K7eM1Qof1dOc9$mY9I4DL,N/A,61,N/A,M_Lighting and Appliance Panelboard - 208V MLO:400 A:Unit A Panelboard:575479,,N/A,36166,N/A,NEW,Orphaned,N/A,N/A,N/A,N/A,N/A,N/A,N/A,8,1,TRUE,50-60,240,N/A,N/A,N/A,N/A,N/A,N/A,NQ,14,N/A,Distribution Boards and Control Panels,N/A,N/A,0.479331,L3,N/A,0.85,NOTKNOWN,N/A,N/A,23.80.30.11.17,NQ,"NQ, NF, I-Line and QMB Panelboard Products",,,,,,Type E,,,,,,,, 208 V/3-0 VA,,,,,,0.000000,,,,,,,,,,,,Other,,,,3.937008,,,,,0.000000,,,,,,,Unit A Panelboard,,TRUE,FALSE,,,24,1.000000,Distribution System: 120/208 Wye,1571530.920840,422.581537,100.000000,2.498150,1.000000,551539.633250,1638719.249661,1.000000,1638719.249661,1.000000,5166.677000,1.000000,1571530.920840,1,5166.677000,4,3,5834.039446,9687.519375,422.581537,46500.093000,405.255477,1.332347,0.000000,9687.519375,4.166667,418.300973,1.504442,423.832914,427.735164,1.000000,46500.093000,2.498150,11.991121,405.255477,1.504442,546499.216693,0.000000,11.991121,540306.503465,0.000000,1.332347,5834.039446,0.000000,Type 1,Recessed,4.166667,4.416667,4.166667,,,,,,,,,,,,,,,,,,,,,,,,,,,,,,,,,,,,,,,,,,,,,,,,,,,,,,,,,,,,,,,,,,,,,,,,,,,,,,
36332,Level 1,1.666667,N/A,N/A,575481,New Construction,N/A,,N/A,FIXED,N/A,4.166667,50926,,,36331,36326,400 A,N/A,,"36381,36385,36389,36393,36397,36401,36405,36409,36413,51069,51161,51163,51165,51167,51169",600,1K7eM1Qof1dOc9$mY9I4DR,N/A,61,N/A,M_Lighting and Appliance Panelboard - 208V MLO:400 A:Unit B Panelboard:575481,,N/A,36332,N/A,NEW,Orphaned,N/A,N/A,N/A,N/A,N/A,N/A,N/A,9,1,TRUE,50-60,240,N/A,N/A,N/A,N/A,N/A,N/A,NQ,14,N/A,Distribution Boards and Control Panels,N/A,N/A,0.479331,L3,N/A,0.85,NOTKNOWN,N/A,N/A,23.80.30.11.17,NQ,"NQ, NF, I-Line and QMB Panelboard Products",,,,,,Type E,,,,,,,, 208 V/3-0 VA,,,,,,0.000000,,,,,,,,,,,,Other,,,,3.937008,,,,,0.000000,,,,,,,Unit B Panelboard,,TRUE,FALSE,,,24,1.000000,Distribution System: 120/208 Wye,1571530.920840,422.081907,100.000000,2.498150,1.000000,559295.174396,1636781.745786,1.000000,1636781.745786,1.000000,5166.677000,1.000000,1571530.920840,1,5166.677000,4,3,5834.039446,9687.519375,422.081907,44562.589125,405.255477,1.332347,0.000000,9687.519375,4.166667,416.401714,1.504442,417.660994,433.169754,1.000000,44562.589125,2.498150,11.491491,405.255477,1.504442,539262.985973,0.000000,11.491491,537853.289176,0.000000,1.332347,5834.039446,0.000000,Type 1,Recessed,4.166667,4.416667,4.166667,,,,,,,,,,,,,,,,,,,,,,,,,,,,,,,,,,,,,,,,,,,,,,,,,,,,,,,,,,,,,,,,,,,,,,,,,,,,,,
48371,Level 1,,N/A,N/A,610280,New Construction,N/A,,N/A,FIXED,N/A,,50926,,,48370,48365,Smoke Detector,N/A,,"48421,48425,48429,48433,48437,51077,51189,51191,51193,51195",,1l2cgO2D5FS9t6u8i4CuNa,N/A,61,N/A,M_Smoke Detector:Smoke Detector:Smoke Detector:610280,,N/A,48371,N/A,NEW,Linked Revit Model : Duplex_A_2013.rvt,N/A,N/A,N/A,N/A,N/A,N/A,N/A,,,,,,N/A,N/A,N/A,N/A,N/A,N/A,480(C),,N/A,Smoke Detectors,N/A,N/A,,,N/A,,,N/A,N/A,23.85.30.21.11.11.11,480(C),FIREX; Smoke Alarm,,,,,,Type C,,,,,,,,,,,1,Fire Alarm Panel,,8.530184,,,,,,,,,,,,,,,,3.937008,,,,,0.000000,,,,,,Level: Level 1,,,,,,,,,,,,,,,,,,,,,,,,,,,,,,,,,,,,,,,,,,,,,,,,,,,,,,,,,,,0.124672,0.167323,0.229659,0.167323,0.124672,,,,,,,,,,,,,,,,,,,,,,,,,,,,,,,,,,,,,,,,,,,,,,,,,,,,,,,,,,,,,,,,,,,,,,,,,
48639,Level 1,,N/A,N/A,610550,New Construction,N/A,,N/A,FIXED,N/A,,50926,,,48638,48633,Smoke Detector,N/A,,"48654,48658,48662,48666,48670,51077,51189,51191,51193,51195",,1l2cgO2D5FS9t6u8i4Cvhw,N/A,61,N/A,M_Smoke Detector:Smoke Detector:Smoke Detector:610550,,N/A,48639,N/A,NEW,Linked Revit Model : Duplex_A_2013.rvt,N/A,N/A,N/A,N/A,N/A,N/A,N/A,,,,,,N/A,N/A,N/A,N/A,N/A,N/A,480(C),,N/A,Smoke Detectors,N/A,N/A,,,N/A,,,N/A,N/A,23.85.30.21.11.11.11,480(C),FIREX; Smoke Alarm,,,,,,Type C,,,,,,,,,,,2,Fire Alarm Panel,,8.530184,,,,,,,,,,,,,,,,3.937008,,,,,0.000000,,,,,,Level: Level 1,,,,,,,,,,,,,,,,,,,,,,,,,,,,,,,,,,,,,,,,,,,,,,,,,,,,,,,,,,,0.124672,0.167323,0.229659,0.167323,0.124672,,,,,,,,,,,,,,,,,,,,,,,,,,,,,,,,,,,,,,,,,,,,,,,,,,,,,,,,,,,,,,,,,,,,,,,,,
48459,Level 2,,N/A,N/A,610319,New Construction,N/A,,N/A,FIXED,N/A,,50948,,,48458,48453,Smoke Detector,N/A,,"48474,48478,48482,48486,48490,51077,51189,51191,51193,51195",,1l2cgO2D5FS9t6u8i4Cve3,N/A,61,N/A,M_Smoke Detector:Smoke Detector:Smoke Detector:610319,,N/A,48459,N/A,NEW,Linked Revit Model : Duplex_A_2013.rvt,N/A,N/A,N/A,N/A,N/A,N/A,N/A,,,,,,N/A,N/A,N/A,N/A,N/A,N/A,480(C),,N/A,Smoke Detectors,N/A,N/A,,,N/A,,,N/A,N/A,23.85.30.21.11.11.11,480(C),FIREX; Smoke Alarm,,,,,,Type C,,,,,,,,,,,1,Fire Alarm Panel,,18.700787,,,,,,,,,,,,,,,,3.937008,,,,,0.000000,,,,,,Level: Level 1,,,,,,,,,,,,,,,,,,,,,,,,,,,,,,,,,,,,,,,,,,,,,,,,,,,,,,,,,,,0.124672,0.167323,0.229659,0.167323,0.124672,,,,,,,,,,,,,,,,,,,,,,,,,,,,,,,,,,,,,,,,,,,,,,,,,,,,,,,,,,,,,,,,,,,,,,,,,
48504,Level 2,,N/A,N/A,610426,New Construction,N/A,,N/A,FIXED,N/A,,50948,,,48503,48498,Smoke Detector,N/A,,"48519,48523,48527,48531,48535,51077,51189,51191,51193,51195",,1l2cgO2D5FS9t6u8i4Cvfs,N/A,61,N/A,M_Smoke Detector:Smoke Detector:Smoke Detector:610426,,N/A,48504,N/A,NEW,Linked Revit Model : Duplex_A_2013.rvt,N/A,N/A,N/A,N/A,N/A,N/A,N/A,,,,,,N/A,N/A,N/A,N/A,N/A,N/A,480(C),,N/A,Smoke Detectors,N/A,N/A,,,N/A,,,N/A,N/A,23.85.30.21.11.11.11,480(C),FIREX; Smoke Alarm,,,,,,Type C,,,,,,,,,,,2,Fire Alarm Panel,,18.700787,,,,,,,,,,,,,,,,3.937008,,,,,0.000000,,,,,,Level: Level 1,,,,,,,,,,,,,,,,,,,,,,,,,,,,,,,,,,,,,,,,,,,,,,,,,,,,,,,,,,,0.124672,0.167323,0.229659,0.167323,0.124672,,,,,,,,,,,,,,,,,,,,,,,,,,,,,,,,,,,,,,,,,,,,,,,,,,,,,,,,,,,,,,,,,,,,,,,,,
48549,Level 2,,N/A,N/A,610469,New Construction,N/A,,N/A,FIXED,N/A,,50948,,,48548,48543,Smoke Detector,N/A,,"48564,48568,48572,48576,48580,51077,51189,51191,51193,51195",,1l2cgO2D5FS9t6u8i4Cvgf,N/A,61,N/A,M_Smoke Detector:Smoke Detector:Smoke Detector:610469,,N/A,48549,N/A,NEW,Linked Revit Model : Duplex_A_2013.rvt,N/A,N/A,N/A,N/A,N/A,N/A,N/A,,,,,,N/A,N/A,N/A,N/A,N/A,N/A,480(C),,N/A,Smoke Detectors,N/A,N/A,,,N/A,,,N/A,N/A,23.85.30.21.11.11.11,480(C),FIREX; Smoke Alarm,,,,,,Type C,,,,,,,,,,,2,Fire Alarm Panel,,18.700787,,,,,,,,,,,,,,,,3.937008,,,,,0.000000,,,,,,Level: Level 1,,,,,,,,,,,,,,,,,,,,,,,,,,,,,,,,,,,,,,,,,,,,,,,,,,,,,,,,,,,0.124672,0.167323,0.229659,0.167323,0.124672,,,,,,,,,,,,,,,,,,,,,,,,,,,,,,,,,,,,,,,,,,,,,,,,,,,,,,,,,,,,,,,,,,,,,,,,,
48594,Level 2,,N/A,N/A,610482,New Construction,N/A,,N/A,FIXED,N/A,,50948,,,48593,48588,Smoke Detector,N/A,,"48609,48613,48617,48621,48625,51077,51189,51191,51193,51195",,1l2cgO2D5FS9t6u8i4Cvg_,N/A,61,N/A,M_Smoke Detector:Smoke Detector:Smoke Detector:610482,,N/A,48594,N/A,NEW,Linked Revit Model : Duplex_A_2013.rvt,N/A,N/A,N/A,N/A,N/A,N/A,N/A,,,,,,N/A,N/A,N/A,N/A,N/A,N/A,480(C),,N/A,Smoke Detectors,N/A,N/A,,,N/A,,,N/A,N/A,23.85.30.21.11.11.11,480(C),FIREX; Smoke Alarm,,,,,,Type C,,,,,,,,,,,1,Fire Alarm Panel,,18.700787,,,,,,,,,,,,,,,,3.937008,,,,,0.000000,,,,,,Level: Level 1,,,,,,,,,,,,,,,,,,,,,,,,,,,,,,,,,,,,,,,,,,,,,,,,,,,,,,,,,,,0.124672,0.167323,0.229659,0.167323,0.124672,,,,,,,,,,,,,,,,,,,,,,,,,,,,,,,,,,,,,,,,,,,,,,,,,,,,,,,,,,,,,,,,,,,,,,,,,
48700,Level 1,0.334646,N/A,N/A,610678,New Construction,N/A,,N/A,FIXED,N/A,0.072178,50926,T,,48699,48694,Thermostat,N/A,,"48757,48761,48765,48769,48773,51079,51197,51199,51201,51203",15,1l2cgO2D5FS9t6u8i4Cvjw,N/A,61,N/A,M_Thermostat:Thermostat:Thermostat:610678,,N/A,48700,N/A,N/A,Linked Revit Model : Duplex_A_2013.rvt,N/A,N/A,N/A,N/A,N/A,N/A,N/A,5,1,TRUE,60,24,N/A,N/A,N/A,N/A,N/A,N/A,N/A,54,N/A,Environmental Controls,N/A,N/A,,L1,N/A,0.85,NOTKNOWN,N/A,N/A,23.85.80.11.24,TH3110D1008,Grainger,,,,,,,,,,,,,,,,,<unnamed>,,,4.343230,,,,,,,,,,,,,,,,3.937008,,,,,,,,,,,Level: Level 1,,,,,,,,,,,,,,,,,,,,,,,,,,,,,,,,,,,,,,,,,,,,,,,,,,,,,,,,,,,,,,,,,0.364173,,,,,,,,,,,,,,,,,,,,,,,,,,,,,,,,,,,,,,,,,,,,,,,,,,,,,,,,,,,,,,,,,,,,,,,
48792,Level 1,0.334646,N/A,N/A,610734,New Construction,N/A,,N/A,FIXED,N/A,0.072178,50926,T,,48791,48786,Thermostat,N/A,,"48806,48810,48814,48818,48822,51079,51197,51199,51201,51203",15,1l2cgO2D5FS9t6u8i4CvkY,N/A,61,N/A,M_Thermostat:Thermostat:Thermostat:610734,,N/A,48792,N/A,N/A,Linked Revit Model : Duplex_A_2013.rvt,N/A,N/A,N/A,N/A,N/A,N/A,N/A,6,1,TRUE,60,24,N/A,N/A,N/A,N/A,N/A,N/A,N/A,54,N/A,Environmental Controls,N/A,N/A,,L1,N/A,0.85,NOTKNOWN,N/A,N/A,23.85.80.11.24,TH3110D1008,Grainger,,,,,,,,,,,,,,,,,<unnamed>,,,4.269974,,,,,,,,,,,,,,,,3.937008,,,,,,,,,,,Level: Level 1,,,,,,,,,,,,,,,,,,,,,,,,,,,,,,,,,,,,,,,,,,,,,,,,,,,,,,,,,,,,,,,,,0.364173,,,,,,,,,,,,,,,,,,,,,,,,,,,,,,,,,,,,,,,,,,,,,,,,,,,,,,,,,,,,,,,,,,,,,,,
50635,Level 1,1.312336,N/A,N/A,617780,New Construction,N/A,,N/A,FIXED,N/A,1.558399,50926,,,50634,50629,400x475,N/A,,"50695,50699,50703,50707,50711,50715,50719,51083,51219,51221,51223,51225",50,1X2juAWRHAZx7O3Qb7ibVJ,N/A,61,N/A,M_Fire Alarm Control Panel:400x475:Fire Alarm Panel:617780,,N/A,50635,N/A,NEW,Linked Revit Model : Duplex_A_2013.rvt,N/A,N/A,N/A,N/A,N/A,N/A,N/A,1,1,FALSE,50-60,240,N/A,N/A,N/A,N/A,N/A,N/A,SKU VEN3-GEC-6001020,54,N/A,Alarm Panels,N/A,N/A,0.364173,L3,N/A,0.90,NOTKNOWN,N/A,N/A,23.85.30.21.11.14,SKU VEN3-GEC-6001020,UTC FIRE & SECURITY GE,,,,,,Type E,,,,,,,,,,,,,,3.937008,,,,,,,,,,,,,,,,3.937008,,,,,,,,,,,Level: Level 1,Fire Alarm Panel,,TRUE,TRUE,,,,,,,,,,,,,,,,,,,,,,,,,,,,,,,,,,,,,,,,,,,,,,,,,,,,,,,,,,,,,,0.089895,,,,,,,,,,,,,,,,,,,,,,,,,,,,,,,,,,,,,,,,,,,,,,,,,,,,,,,,,,,,,,,,,,,,,,
48853,Level 1,,N/A,N/A,611904,New Construction,N/A,,N/A,FIXED,N/A,,50926,,,48852,48847,Telophone Outlet,N/A,,"48895,48899,48903,48907,48918,51205,51207,51209",,1l2cgO2D5FS9t6u8i4CvnC,N/A,61,N/A,M_Telephone Outlet:Telophone Outlet:Telophone Outlet:611904,,N/A,48853,N/A,,Linked Revit Model : Duplex_A_2013.rvt,N/A,N/A,N/A,N/A,N/A,N/A,N/A,,,,,,N/A,N/A,N/A,N/A,N/A,N/A,N/A,,N/A,Telephone and Intercommunication Equipment,N/A,N/A,,,N/A,,,N/A,N/A,23.85.50.14,,N/A,,,,,,Telophone Outlet,,,,,,,,,,,1,TTB1,,3.566921,,,,,,,,,,,,,,,,1.509186,,,,,0.000000,,,,,,Level: Level 1,,,,,,,,,,,,,,,,,,,,,,,,,,,,,,,,,,,,,,,,,,,,,,,,,,,,,,,,,,,,,,,,,,,ELEMENT,,,,,,,,,,,,,,,,,,,,,,,,,,,,,,,,,,,,,,,,,,,,,,,,,,,,,,,,,,,,,,,,,,,,,
48929,Level 1,,N/A,N/A,611989,New Construction,N/A,,N/A,FIXED,N/A,,50926,,,48928,48923,Telophone Outlet,N/A,,"48942,48946,48950,48954,48958,51205,51207,51209",,1l2cgO2D5FS9t6u8i4CvoP,N/A,61,N/A,M_Telephone Outlet:Telophone Outlet:Telophone Outlet:611989,,N/A,48929,N/A,,Linked Revit Model : Duplex_A_2013.rvt,N/A,N/A,N/A,N/A,N/A,N/A,N/A,,,,,,N/A,N/A,N/A,N/A,N/A,N/A,N/A,,N/A,Telephone and Intercommunication Equipment,N/A,N/A,,,N/A,,,N/A,N/A,23.85.50.14,,N/A,,,,,,Telophone Outlet,,,,,,,,,,,2,TTB1,,3.728404,,,,,,,,,,,,,,,,1.509186,,,,,0.000000,,,,,,Level: Level 1,,,,,,,,,,,,,,,,,,,,,,,,,,,,,,,,,,,,,,,,,,,,,,,,,,,,,,,,,,,,,,,,,,,ELEMENT,,,,,,,,,,,,,,,,,,,,,,,,,,,,,,,,,,,,,,,,,,,,,,,,,,,,,,,,,,,,,,,,,,,,,
48969,Level 2,,N/A,N/A,612214,New Construction,N/A,,N/A,FIXED,N/A,,50948,,,48968,48963,Telophone Outlet,N/A,,"48982,48986,48990,48994,48998,51205,51207,51209",,1l2cgO2D5FS9t6u8i4Cvrw,N/A,61,N/A,M_Telephone Outlet:Telophone Outlet:Telophone Outlet:612214,,N/A,48969,N/A,,Linked Revit Model : Duplex_A_2013.rvt,N/A,N/A,N/A,N/A,N/A,N/A,N/A,,,,,,N/A,N/A,N/A,N/A,N/A,N/A,N/A,,N/A,Telephone and Intercommunication Equipment,N/A,N/A,,,N/A,,,N/A,N/A,23.85.50.14,,N/A,,,,,,Telophone Outlet,,,,,,,,,,,1,TTB1,,12.624487,,,,,,,,,,,,,,,,1.509186,,,,,0.000000,,,,,,Level: Level 1,,,,,,,,,,,,,,,,,,,,,,,,,,,,,,,,,,,,,,,,,,,,,,,,,,,,,,,,,,,,,,,,,,,ELEMENT,,,,,,,,,,,,,,,,,,,,,,,,,,,,,,,,,,,,,,,,,,,,,,,,,,,,,,,,,,,,,,,,,,,,,
49009,Level 2,,N/A,N/A,612319,New Construction,N/A,,N/A,FIXED,N/A,,50948,,,49008,49003,Telophone Outlet,N/A,,"49022,49026,49030,49034,49038,51205,51207,51209",,1l2cgO2D5FS9t6u8i4CvtJ,N/A,61,N/A,M_Telephone Outlet:Telophone Outlet:Telophone Outlet:612319,,N/A,49009,N/A,,Linked Revit Model : Duplex_A_2013.rvt,N/A,N/A,N/A,N/A,N/A,N/A,N/A,,,,,,N/A,N/A,N/A,N/A,N/A,N/A,N/A,,N/A,Telephone and Intercommunication Equipment,N/A,N/A,,,N/A,,,N/A,N/A,23.85.50.14,,N/A,,,,,,Telophone Outlet,,,,,,,,,,,2,TTB1,,12.605721,,,,,,,,,,,,,,,,1.509186,,,,,0.000000,,,,,,Level: Level 1,,,,,,,,,,,,,,,,,,,,,,,,,,,,,,,,,,,,,,,,,,,,,,,,,,,,,,,,,,,,,,,,,,,ELEMENT,,,,,,,,,,,,,,,,,,,,,,,,,,,,,,,,,,,,,,,,,,,,,,,,,,,,,,,,,,,,,,,,,,,,,
3707,Level 2,,N/A,N/A,530072,New Construction,N/A,,N/A,FIXED,N/A,,50948,,Level: Level 2,3706,3701,147 kW,N/A,,"3796,3800,3804,3808,3812,3816,51055,51087,51089,51091,51093,51095",30,10k69mF8j4eeUjUpzCXCG7,N/A,61,N/A,M_Hot Water Boiler - 59-440 kW:147 kW:147 kW:530072,,N/A,3707,N/A,,Level : Level 2,N/A,N/A,N/A,N/A,N/A,N/A,N/A,26,3,TRUE,50,230,"17""",N/A,Linea HE,N/A,N/A,N/A,Linea HE,52,N/A,Hot Water Heat Generators,N/A,N/A,,L1,"14""",0.26,UNKNOWN,N/A,"33""",23.75.10.11.14,Linea HE,Vokera,,,,,,,,,,,,,,,,,"9,11,13",Unit A Panelboard,,,,,,,,,,,,,,Heating,,,,,1571530.920840,,,,0.062336,,,,,,,,,,,,,,,,,,,,,,,,,,,,,,,,,,,,,,,,,,,,,,,,,,,,,,,,,,,,,,,,,,,,,,,,,,"Unit A Hydronic Supply In,Unit A Hydronic Return,Unit A Natural Gas,Unit A Mechanical Exhaust Air",0.041010,0.410105,0.666010,0.000000,1.000656,0.000000,"Hydronic Supply,Hydronic Return,Other,Power,Exhaust Air",99974.400000,0.000000,0.015538,3465979.154181,2949311.454178,0.416667,0.918635,0.750656,0.833333,3,2238.893367,0.131234,0.131234,0.820210,2.001312,0.082021,0.065617,0.308399,3.166010,1.837270,0.065617,0.334646,0.666010,,,,,,,,,,,,,,,,,,,,,,,,,,,,,,,,,,,,,,
22561,Level 2,,N/A,N/A,557516,New Construction,N/A,,N/A,FIXED,N/A,,50948,,Level: Level 2,22560,22555,147 kW,N/A,,"22581,22585,22589,22593,22597,22601,51055,51087,51089,51091,51093,51095",30,1jQu9wkdr0iwNuem13Fl5i,N/A,61,N/A,M_Hot Water Boiler - 59-440 kW:147 kW:147 kW:557516,,N/A,22561,N/A,,Level : Level 2,N/A,N/A,N/A,N/A,N/A,N/A,N/A,64,3,TRUE,50,230,"17""",N/A,Linea HE,N/A,N/A,N/A,Linea HE,52,N/A,Hot Water Heat Generators,N/A,N/A,,L1,"14""",0.26,UNKNOWN,N/A,"33""",23.75.10.11.14,Linea HE,Vokera,,,,,,,,,,,,,,,,,"9,11,13",Unit B Panelboard,,,,,,,,,,,,,,Heating,,,,,1571530.920840,,,,0.062336,,,,,,,,,,,,,,,,,,,,,,,,,,,,,,,,,,,,,,,,,,,,,,,,,,,,,,,,,,,,,,,,,,,,,,,,,,"Unit B Hydronic Supply In,Unit B Hydronic Return,Unit B Natural Gas,Unit B Mechanical Exhaust Air",0.041010,0.410105,0.666010,0.000000,1.000656,0.000000,"Hydronic Supply,Hydronic Return,Other,Power,Exhaust Air",99974.400000,0.000000,0.015538,3465979.154181,2949311.454178,0.416667,0.918635,0.750656,0.833333,3,2238.893367,0.131234,0.131234,0.820210,2.001312,0.082021,0.065617,0.308399,3.166010,1.837270,0.065617,0.334646,0.666010,,,,,,,,,,,,,,,,,,,,,,,,,,,,,,,,,,,,,,
22439,Level 2,,N/A,N/A,550094,New Construction,N/A,,N/A,FIXED,N/A,,50948,,Level: Level 2,22438,22433,3.9 LPS - 0.8 Meter Head,N/A,,"22520,22524,22528,22532,22536,22540,51057,51097,51099,51101,51103,51105",30,13kXneVBL8egWoGKRJw4xa,N/A,61,N/A,M_Inline Pump - Circulator:3.9 LPS - 0.8 Meter Head:3.9 LPS - 0.8 Meter Head:550094,,N/A,22439,N/A,,Level : Level 2,N/A,N/A,N/A,N/A,N/A,N/A,N/A,62,1,TRUE,60,230,N/A,N/A,N/A,N/A,N/A,N/A,N/A,56,N/A,Pumps,N/A,N/A,,L1,N/A,0.13,UNKNOWN,N/A,N/A,23.60.30.21,A1B2C3,"Shanghai Aoli Pump Manufacture Co., Ltd.",,,,,,,,,,,,,,,,,"10,12,14",Unit A Panelboard,,,,,,,,,,,,,,Appliance - Dwelling Unit,,,,,5834.039446,,,,0.290846,,,,,,,,,,,,,,,,,,,,,,,,,,,,,,,,,,,,,,,,,,,,,,,,,,,,,,,,,,,,,,,,,,,,,,,,,,Unit A Hydronic Supply In,,,,,,,"Undefined,Power",,,,,,,,0.259678,,3,2238.893367,,,,,,,,,,,,,0.301837,0.280512,0.101811,1450.000000,1.414042,1.131234,0.203622,0.070040,0.238845,0.185144,0.172244,0.167323,0.498688,0.603675,0.561024,0.203622,0.086122,0.426509,0.065617,0.065617,0.334646,0.131234,0.131234,,,,,,,,,,,,,,,
39607,Level 2,,N/A,N/A,580717,New Construction,N/A,,N/A,FIXED,N/A,,50948,,Level: Level 2,39606,39601,3.9 LPS - 0.8 Meter Head,N/A,,"39624,39628,39632,39636,39640,39644,51057,51097,51099,51101,51103,51105",30,2$dTH4D0v6UvzO4e0uyqX5,N/A,61,N/A,M_Inline Pump - Circulator:3.9 LPS - 0.8 Meter Head:3.9 LPS - 0.8 Meter Head:580717,,N/A,39607,N/A,,Level : Level 2,N/A,N/A,N/A,N/A,N/A,N/A,N/A,74,1,TRUE,60,230,N/A,N/A,N/A,N/A,N/A,N/A,N/A,56,N/A,Pumps,N/A,N/A,,L1,N/A,0.13,UNKNOWN,N/A,N/A,23.60.30.21,A1B2C3,"Shanghai Aoli Pump Manufacture Co., Ltd.",,,,,,,,,,,,,,,,,"10,12,14",Unit B Panelboard,,,,,,,,,,,,,,Appliance - Dwelling Unit,,,,,5834.039446,,,,0.311670,,,,,,,,,,,,,,,,,,,,,,,,,,,,,,,,,,,,,,,,,,,,,,,,,,,,,,,,,,,,,,,,,,,,,,,,,,Unit B Hydronic Supply In,,,,,,,"Undefined,Power",,,,,,,,0.259678,,3,2238.893367,,,,,,,,,,,,,0.301837,0.280512,0.101811,1450.000000,1.414042,1.131234,0.203622,0.070040,0.238845,0.185144,0.172244,0.167323,0.498688,0.603675,0.561024,0.203622,0.086122,0.426509,0.065617,0.065617,0.334646,0.131234,0.131234,,,,,,,,,,,,,,,
43208,R301,,N/A,N/A,602113,New Construction,N/A,,N/A,FIXED,N/A,,51239,,,43207,43198,991-1905 LPS,N/A,,"43289,43293,43297,43301,43305,43309,43313,51073,51175,51177,51179,51181,51183,51185,51187",30,2Rz4AOKDzDwO7k0TYgCbNX,N/A,61,N/A,M_Centrifugal Fan -  Rooftop  - Upblast:991-1905 LPS:991-1905 LPS:602113,,N/A,43208,N/A,,Linked Revit Model : Duplex_A_2013.rvt,N/A,N/A,N/A,N/A,N/A,N/A,N/A,75,1,TRUE,60,240,N/A,N/A,N/A,N/A,N/A,N/A,DCLH,54,N/A,Centrifugal Fans,N/A,N/A,,L1,N/A,0.15,UNKNOWN,N/A,N/A,23.75.35.17.27,DCLH,Twin City,,,,,,,,,,,,,,,,,"15,17,19",Unit A Panelboard,,21.184383,,,,,,,,,,,,HVAC,,,,3.937008,5166.677000,,,,,,,,,,Level: Level 1,,,,,,,,,,,,,,,,,,,,,,,,,,,,,,,,,,,,,,,,,,,,,,,,,,,,,,,,,,,,,,,,,,,,Unit A Mechanical Exhaust Air,,,,,,,"Exhaust Air,Power",,,,,,,,0.492126,,3,2238.893367,,,,,,,,,,,,,,,,800.000000,,,,,0.524934,,,,,,,,,,,,,,,37.795200,0.410105,17.657333,1.312336,0.656168,0.984252,1.049869,0.410105,1.312336,0.984252,0.820210,0.820210,0.656168,0.918635,0.459318
46891,R301,,N/A,N/A,602396,New Construction,N/A,,N/A,FIXED,N/A,,51239,,,46890,46881,991-1905 LPS,N/A,,"46913,46917,46921,46925,46929,46933,46937,51075,51175,51177,51179,51181,51183,51185,51187",30,2Rz4AOKDzDwO7k0TYgCbJy,N/A,61,N/A,M_Centrifugal Fan -  Rooftop  - Upblast:991-1905 LPS:991-1905 LPS:602396,,N/A,46891,N/A,,Linked Revit Model : Duplex_A_2013.rvt,N/A,N/A,N/A,N/A,N/A,N/A,N/A,76,1,TRUE,60,240,N/A,N/A,N/A,N/A,N/A,N/A,DCLH,54,N/A,Centrifugal Fans,N/A,N/A,,L1,N/A,0.15,UNKNOWN,N/A,N/A,23.75.35.17.27,DCLH,Twin City,,,,,,,,,,,,,,,,,"15,17,19",Unit B Panelboard,,21.184383,,,,,,,,,,,,HVAC,,,,3.937008,5166.677000,,,,,,,,,,Level: Level 1,,,,,,,,,,,,,,,,,,,,,,,,,,,,,,,,,,,,,,,,,,,,,,,,,,,,,,,,,,,,,,,,,,,,Unit B Mechanical Exhaust Air,,,,,,,"Exhaust Air,Power",,,,,,,,0.492126,,3,2238.893367,,,,,,,,,,,,,,,,800.000000,,,,,0.524934,,,,,,,,,,,,,,,37.795200,0.410105,67.274440,1.312336,0.656168,0.984252,1.049869,0.410105,1.312336,0.984252,0.820210,0.820210,0.656168,0.918635,0.459318
